T,v,vw,a,o,c,h,l,t,n,m,x,g,op,z,av,s,e,otc
,28978,131.0578,0,130.28,131.46,131.46,130.28,1672736400000,596,,0,,0,0,0,0,0,false
,30130,131.1856,0,131.36,131.13,131.44,131,1672736700000,463,,0,,0,0,0,0,0,false
,7838,131.2411,0,131.19,131.22,131.35,131.19,1672737000000,179,,0,,0,0,0,0,0,false
,14795,131.2456,0,131.21,131.1,131.32,131.09,1672737300000,225,,0,,0,0,0,0,0,false
,19138,131.03,0,131.01,131.13,131.13,130.95,1672737600000,283,,0,,0,0,0,0,0,false
,4796,130.9789,0,131.14,130.9,131.14,130.9,1672737900000,168,,0,,0,0,0,0,0,false
,6731,130.9302,0,130.92,130.94,130.97,130.9,1672738200000,144,,0,,0,0,0,0,0,false
,11158,131.111,0,131.02,131.15,131.24,131.02,1672738800000,150,,0,,0,0,0,0,0,false
,10712,131.266,0,131.22,131.3,131.3,131.17,1672739100000,122,,0,,0,0,0,0,0,false
,1732,131.2677,0,131.3,131.3,131.3,131.17,1672739400000,53,,0,,0,0,0,0,0,false
,7675,131.2547,0,131.23,131.3,131.3,131.23,1672739700000,130,,0,,0,0,0,0,0,false
,3382,131.3195,0,131.4,131.26,131.4,131.25,1672740000000,111,,0,,0,0,0,0,0,false
,6240,131.2173,0,131.23,131.24,131.29,131.15,1672740300000,133,,0,,0,0,0,0,0,false
,2807,131.1095,0,131.2,131.13,131.2,131.01,1672740600000,91,,0,,0,0,0,0,0,false
,4052,131.0027,0,131.05,130.93,131.05,130.93,1672740900000,135,,0,,0,0,0,0,0,false
,4698,130.9068,0,130.93,130.88,130.93,130.88,1672741200000,121,,0,,0,0,0,0,0,false
,12450,130.8321,0,130.84,130.8,130.92,130.8,1672741500000,200,,0,,0,0,0,0,0,false
,242,130.8009,0,130.8,130.8,130.8,130.8,1672741800000,8,,0,,0,0,0,0,0,false
,5214,130.9538,0,130.88,131,131.02,130.87,1672742400000,101,,0,,0,0,0,0,0,false
,2097,131.0378,0,131.05,131.04,131.05,131.02,1672742700000,57,,0,,0,0,0,0,0,false
,526,131.0031,0,131,131,131,131,1672743000000,28,,0,,0,0,0,0,0,false
,1145,130.998,0,130.99,131,131,130.99,1672743300000,23,,0,,0,0,0,0,0,false
,3474,130.8828,0,130.91,130.9,130.95,130.8,1672743600000,129,,0,,0,0,0,0,0,false
,4876,130.849,0,130.88,130.8,130.9,130.8,1672743900000,90,,0,,0,0,0,0,0,false
,1847,130.7594,0,130.8,130.75,130.8,130.71,1672744200000,122,,0,,0,0,0,0,0,false
,2269,130.8607,0,130.75,130.88,130.89,130.75,1672744500000,39,,0,,0,0,0,0,0,false
,1257,130.8366,0,130.83,130.85,130.85,130.83,1672744800000,25,,0,,0,0,0,0,0,false
,1142,130.8277,0,130.87,130.79,130.9,130.79,1672745100000,56,,0,,0,0,0,0,0,false
,15866,131.0239,0,130.9,130.95,131.25,130.83,1672745400000,178,,0,,0,0,0,0,0,false
,1641,130.8876,0,130.91,130.88,130.91,130.88,1672745700000,68,,0,,0,0,0,0,0,false
,11462,130.4744,0,130.83,130.2,130.84,130.11,1672746000000,323,,0,,0,0,0,0,0,false
,11148,130.183,0,130.19,130.07,130.28,130.07,1672746300000,194,,0,,0,0,0,0,0,false
,20443,130.1195,0,130.08,130.24,130.29,130.05,1672746600000,273,,0,,0,0,0,0,0,false
,8576,130.3796,0,130.37,130.38,130.4,130.35,1672746900000,86,,0,,0,0,0,0,0,false
,34670,130.1886,0,130.38,130.15,130.45,130.03,1672747200000,433,,0,,0,0,0,0,0,false
,20638,130.228,0,130.15,130.26,130.35,130.15,1672747500000,288,,0,,0,0,0,0,0,false
,15431,130.2788,0,130.21,130.38,130.38,130.2,1672747800000,253,,0,,0,0,0,0,0,false
,18859,130.5696,0,130.45,130.62,130.74,130.38,1672748100000,370,,0,,0,0,0,0,0,false
,9733,130.6278,0,130.59,130.62,130.66,130.57,1672748400000,190,,0,,0,0,0,0,0,false
,13239,130.5535,0,130.61,130.46,130.64,130.4,1672748700000,268,,0,,0,0,0,0,0,false
,16244,130.6033,0,130.5,130.62,130.66,130.5,1672749000000,255,,0,,0,0,0,0,0,false
,6323,130.5995,0,130.62,130.63,130.63,130.57,1672749300000,146,,0,,0,0,0,0,0,false
,11225,130.6985,0,130.65,130.7,130.75,130.64,1672749600000,248,,0,,0,0,0,0,0,false
,12805,130.6018,0,130.7,130.6,130.72,130.52,1672749900000,266,,0,,0,0,0,0,0,false
,7426,130.5762,0,130.65,130.5,130.65,130.5,1672750200000,166,,0,,0,0,0,0,0,false
,18007,130.4269,0,130.46,130.5,130.5,130.37,1672750500000,290,,0,,0,0,0,0,0,false
,145151,130.5051,0,130.25,130.81,131.2285,129.63,1672750800000,2005,,0,,0,0,0,0,0,false
,36295,130.5155,0,130.76,130.3,130.77,130.24,1672751100000,729,,0,,0,0,0,0,0,false
,35715,130.339,0,130.3708,130.38,130.42,130.21,1672751400000,390,,0,,0,0,0,0,0,false
,31733,130.3745,0,130.43,130.44,130.5,130.29,1672751700000,454,,0,,0,0,0,0,0,false
,40616,130.6725,0,130.48,130.7,130.88,130.48,1672752000000,560,,0,,0,0,0,0,0,false
,16998,130.5403,0,130.61,130.5,130.67,130.41,1672752300000,366,,0,,0,0,0,0,0,false
,9780,130.4907,0,130.47,130.5492,130.5492,130.41,1672752600000,222,,0,,0,0,0,0,0,false
,43077,130.6705,0,130.51,130.7,130.76,130.5,1672752900000,456,,0,,0,0,0,0,0,false
,45234,130.7447,0,130.7,130.69,130.82,130.69,1672753200000,517,,0,,0,0,0,0,0,false
,23478,130.81,0,130.76,130.85,130.87,130.75,1672753500000,383,,0,,0,0,0,0,0,false
,50616,130.9267,0,130.89,130.97,131.1,130.89,1672753800000,838,,0,,0,0,0,0,0,false
,26000,130.9407,0,130.9,130.92,131.05,130.88,1672754100000,516,,0,,0,0,0,0,0,false
,35928,130.8569,0,130.95,130.77,131,130.77,1672754400000,606,,0,,0,0,0,0,0,false
,22145,130.7573,0,130.82,130.94,130.95,130.7723,1672754700000,374,,0,,0,0,0,0,0,false
,46606,131.0519,0,130.95,131.21,131.22,130.95,1672755000000,708,,0,,0,0,0,0,0,false
,119923,131.2047,0,131.19,131.1,131.3,131.06,1672755300000,1202,,0,,0,0,0,0,0,false
,82075,131.2843,0,131.1,131.31,131.36,131.1,1672755600000,954,,0,,0,0,0,0,0,false
,295176,130.8733,0,131.31,130.29,131.31,130.25,1672755900000,2300,,0,,0,0,0,0,0,false
,3.826842E+06,129.98,0,130.28,129.84,130.6999,129.44,1672756200000,63906,,0,,0,0,0,0,0,false
,2.219751E+06,130.0435,0,129.83,130.5,130.68,129.53,1672756500000,39375,,0,,0,0,0,0,0,false
,2.082915E+06,130.5121,0,130.51,129.885,130.9,129.74,1672756800000,17446,,0,,0,0,0,0,0,false
,2.781981E+06,129.3952,0,129.88,128.5803,130.21,128.51,1672757100000,24145,,0,,0,0,0,0,0,false
,2.161583E+06,128.1495,0,128.585,127.88,128.71,127.67,1672757400000,22450,,0,,0,0,0,0,0,false
,2.142455E+06,127.4755,0,127.88,126.9336,127.98,126.88,1672757700000,22369,,0,,0,0,0,0,0,false
,2.008892E+06,126.8874,0,126.94,126.5001,127.3,126.4166,1672758000000,21794,,0,,0,0,0,0,0,false
,1.467337E+06,126.637,0,126.505,126.48,126.895,126.44,1672758300000,15863,,0,,0,0,0,0,0,false
,2.186525E+06,126.1162,0,126.475,125.915,126.5,125.7801,1672758600000,25253,,0,,0,0,0,0,0,false
,1.769471E+06,125.7805,0,125.92,125.535,126.055,125.49,1672758900000,20287,,0,,0,0,0,0,0,false
,1.558914E+06,125.7193,0,125.54,125.724,125.97,125.495,1672759200000,16928,,0,,0,0,0,0,0,false
,1.993016E+06,125.4544,0,125.72,125.46,125.83,125.23,1672759500000,21231,,0,,0,0,0,0,0,false
,2.046254E+06,125.3141,0,125.46,125.2093,125.69,125.1,1672759800000,19108,,0,,0,0,0,0,0,false
,1.889022E+06,125.216,0,125.21,125.39,125.42,125.05,1672760100000,19017,,0,,0,0,0,0,0,false
,1.521083E+06,125.604,0,125.4,125.35,125.78,125.31,1672760400000,15876,,0,,0,0,0,0,0,false
,1.244247E+06,125.4969,0,125.3692,125.6728,125.725,125.27,1672760700000,13003,,0,,0,0,0,0,0,false
,1.573968E+06,125.426,0,125.6712,125.32,125.72,125.23,1672761000000,13475,,0,,0,0,0,0,0,false
,934393,125.4947,0,125.315,125.595,125.6558,125.315,1672761300000,10764,,0,,0,0,0,0,0,false
,1.533571E+06,125.686,0,125.595,125.53,125.87,125.48,1672761600000,13355,,0,,0,0,0,0,0,false
,1.429376E+06,125.3429,0,125.525,125.08,125.65,125.05,1672761900000,13695,,0,,0,0,0,0,0,false
,2.802522E+06,124.9781,0,125.08,124.827,125.26,124.73,1672762200000,40015,,0,,0,0,0,0,0,false
,1.024546E+06,125.0341,0,124.83,125.0701,125.22,124.7607,1672762500000,10070,,0,,0,0,0,0,0,false
,1.27428E+06,125.138,0,125.07,125.225,125.46,124.92,1672762800000,11976,,0,,0,0,0,0,0,false
,831740,125.2024,0,125.22,125.345,125.4,125.02,1672763100000,8895,,0,,0,0,0,0,0,false
,1.134843E+06,125.0183,0,125.3502,125.0284,125.37,124.83,1672763400000,12048,,0,,0,0,0,0,0,false
,849170,125.0885,0,125.025,125.23,125.275,124.9,1672763700000,8670,,0,,0,0,0,0,0,false
,881776,125.1367,0,125.2501,124.966,125.35,124.96,1672764000000,8421,,0,,0,0,0,0,0,false
,948242,124.846,0,124.96,124.85,124.99,124.75,1672764300000,10683,,0,,0,0,0,0,0,false
,1.517062E+06,124.6896,0,124.86,124.5999,124.865,124.52,1672764600000,14484,,0,,0,0,0,0,0,false
,1.013019E+06,124.6368,0,124.5943,124.7425,124.82,124.49,1672764900000,12209,,0,,0,0,0,0,0,false
,762548,124.7915,0,124.75,124.73,124.87,124.71,1672765200000,8927,,0,,0,0,0,0,0,false
,906091,124.8956,0,124.725,124.93,125.04,124.69,1672765500000,9320,,0,,0,0,0,0,0,false
,667466,124.9456,0,124.925,124.9799,125.055,124.82,1672765800000,7842,,0,,0,0,0,0,0,false
,615510,124.8331,0,124.98,124.795,124.985,124.75,1672766100000,7366,,0,,0,0,0,0,0,false
,1.129771E+06,124.6464,0,124.795,124.36,124.87,124.35,1672766400000,12675,,0,,0,0,0,0,0,false
,821340,124.5564,0,124.36,124.66,124.69,124.3491,1672766700000,7547,,0,,0,0,0,0,0,false
,616786,124.7525,0,124.66,124.805,124.94,124.61,1672767000000,7147,,0,,0,0,0,0,0,false
,710146,124.7207,0,124.8,124.6258,124.87,124.59,1672767300000,8192,,0,,0,0,0,0,0,false
,529465,124.6357,0,124.625,124.66,124.73,124.5604,1672767600000,6561,,0,,0,0,0,0,0,false
,924972,124.5598,0,124.655,124.62,124.7,124.44,1672767900000,9137,,0,,0,0,0,0,0,false
,474315,124.6133,0,124.6099,124.56,124.7,124.52,1672768200000,5934,,0,,0,0,0,0,0,false
,869247,124.5275,0,124.5528,124.59,124.665,124.35,1672768500000,9893,,0,,0,0,0,0,0,false
,650308,124.5578,0,124.5999,124.7066,124.76,124.4186,1672768800000,6493,,0,,0,0,0,0,0,false
,566996,124.4904,0,124.709,124.364,124.709,124.35,1672769100000,6557,,0,,0,0,0,0,0,false
,1.371649E+06,124.3565,0,124.36,124.285,124.6,124.21,1672769400000,8991,,0,,0,0,0,0,0,false
,699332,124.2232,0,124.29,124.24,124.3,124.19,1672769700000,7758,,0,,0,0,0,0,0,false
,608098,124.274,0,124.24,124.23,124.38,124.21,1672770000000,6520,,0,,0,0,0,0,0,false
,838917,124.591,0,124.235,124.6499,124.74,124.224,1672770300000,7933,,0,,0,0,0,0,0,false
,536140,124.6448,0,124.6699,124.5701,124.72,124.54,1672770600000,6227,,0,,0,0,0,0,0,false
,724548,124.697,0,124.575,124.54,124.83,124.52,1672770900000,6764,,0,,0,0,0,0,0,false
,672340,124.5962,0,124.53,124.62,124.67,124.51,1672771200000,7027,,0,,0,0,0,0,0,false
,1.421608E+06,124.353,0,124.61,124.415,124.63,124.19,1672771500000,11621,,0,,0,0,0,0,0,false
,799145,124.5235,0,124.41,124.73,124.78,124.3,1672771800000,7902,,0,,0,0,0,0,0,false
,569944,124.7422,0,124.74,124.815,124.84,124.6092,1672772100000,5884,,0,,0,0,0,0,0,false
,799498,124.7716,0,124.82,124.77,125,124.62,1672772400000,7390,,0,,0,0,0,0,0,false
,491236,124.8062,0,124.768,124.89,124.915,124.665,1672772700000,5407,,0,,0,0,0,0,0,false
,658264,124.7447,0,124.89,124.6697,124.93,124.6408,1672773000000,6422,,0,,0,0,0,0,0,false
,553656,124.6573,0,124.67,124.52,124.82,124.48,1672773300000,6771,,0,,0,0,0,0,0,false
,590009,124.5061,0,124.52,124.5384,124.58,124.42,1672773600000,5825,,0,,0,0,0,0,0,false
,573476,124.5243,0,124.53,124.57,124.609,124.46,1672773900000,5654,,0,,0,0,0,0,0,false
,863152,124.3499,0,124.578,124.3,124.62,124.17,1672774200000,8964,,0,,0,0,0,0,0,false
,843440,124.29,0,124.3099,124.3,124.4,124.18,1672774500000,6357,,0,,0,0,0,0,0,false
,935270,124.5885,0,124.295,124.81,124.86,124.285,1672774800000,7745,,0,,0,0,0,0,0,false
,1.580219E+06,125.065,0,124.82,125.1665,125.33,124.78,1672775100000,11891,,0,,0,0,0,0,0,false
,1.048055E+06,124.8534,0,125.165,124.63,125.19,124.6,1672775400000,9212,,0,,0,0,0,0,0,false
,1.011117E+06,124.6431,0,124.635,124.6283,124.89,124.44,1672775700000,8793,,0,,0,0,0,0,0,false
,970267,124.6524,0,124.63,124.65,124.82,124.52,1672776000000,9188,,0,,0,0,0,0,0,false
,673212,124.5313,0,124.6601,124.42,124.69,124.41,1672776300000,7211,,0,,0,0,0,0,0,false
,824712,124.5917,0,124.45,124.7,124.72,124.4,1672776600000,7310,,0,,0,0,0,0,0,false
,1.328913E+06,124.9199,0,124.71,124.875,125.03,124.695,1672776900000,10884,,0,,0,0,0,0,0,false
,895899,124.71,0,124.88,124.63,124.8984,124.57,1672777200000,7925,,0,,0,0,0,0,0,false
,744376,124.6494,0,124.63,124.62,124.79,124.54,1672777500000,7654,,0,,0,0,0,0,0,false
,936861,124.8034,0,124.63,124.82,124.95,124.625,1672777800000,8133,,0,,0,0,0,0,0,false
,1.250313E+06,124.8888,0,124.82,124.895,125,124.74,1672778100000,10218,,0,,0,0,0,0,0,false
,1.193941E+06,124.904,0,124.895,124.98,125,124.77,1672778400000,10610,,0,,0,0,0,0,0,false
,1.48197E+06,124.9983,0,124.99,124.96,125.17,124.81,1672778700000,11912,,0,,0,0,0,0,0,false
,2.626763E+06,125.1631,0,124.96,125.335,125.42,124.93,1672779000000,21694,,0,,0,0,0,0,0,false
,3.129458E+06,125.1697,0,125.335,125.05,125.36,125.01,1672779300000,25499,,0,,0,0,0,0,0,false
,3.211197E+06,125.0661,0,125.05,124.98,125.13,124.85,1672779600000,1178,,0,,0,0,0,0,0,false
,288811,125.055,0,124.99,125.04,125.07,124.92,1672779900000,621,,0,,0,0,0,0,0,false
,133498,125.0436,0,125.06,124.91,125.07,124.89,1672780200000,617,,0,,0,0,0,0,0,false
,32797,124.9711,0,124.91,125.05,125.07,124.91,1672780500000,506,,0,,0,0,0,0,0,false
,19750,125.2124,0,125.05,124.98,125.05,124.97,1672780800000,370,,0,,0,0,0,0,0,false
,9218,124.9955,0,124.97,124.98,125.02,124.96,1672781100000,341,,0,,0,0,0,0,0,false
,55758,125.0509,0,124.98,125.04,125.12,124.96,1672781400000,527,,0,,0,0,0,0,0,false
,77037,125.0557,0,125.04,124.99,125.08,124.95,1672781700000,483,,0,,0,0,0,0,0,false
,18370,125.0036,0,124.99,125,125.06,124.96,1672782000000,379,,0,,0,0,0,0,0,false
,35519,125.0174,0,125,125.05,125.06,124.93,1672782300000,457,,0,,0,0,0,0,0,false
,26942,125.0175,0,125.04,125.03,125.05,125,1672782600000,362,,0,,0,0,0,0,0,false
,22512,125.1498,0,125.03,125.0207,125.08,125.02,1672782900000,300,,0,,0,0,0,0,0,false
,19120,126.6132,0,125.02,125.02,125.04,124.97,1672783200000,291,,0,,0,0,0,0,0,false
,5302,127.3507,0,125.02,124.95,125.03,124.94,1672783500000,224,,0,,0,0,0,0,0,false
,18154,124.8913,0,124.98,124.9,124.99,124.84,1672783800000,398,,0,,0,0,0,0,0,false
,5701,124.9249,0,124.9,124.94,124.95,124.9,1672784100000,219,,0,,0,0,0,0,0,false
,5094,124.9267,0,124.95,124.92,124.95,124.9,1672784400000,179,,0,,0,0,0,0,0,false
,15181,124.8997,0,124.93,124.89,124.95,124.85,1672784700000,271,,0,,0,0,0,0,0,false
,5975,124.8984,0,124.89,124.89,124.96,124.85,1672785000000,213,,0,,0,0,0,0,0,false
,4650,124.8919,0,124.8798,124.9,124.94,124.8701,1672785300000,150,,0,,0,0,0,0,0,false
,2091,124.906,0,124.9,124.8842,124.94,124.88,1672785600000,133,,0,,0,0,0,0,0,false
,6822,124.9297,0,124.88,124.9222,124.95,124.88,1672785900000,169,,0,,0,0,0,0,0,false
,2898,124.9093,0,124.93,124.9,124.93,124.9,1672786200000,100,,0,,0,0,0,0,0,false
,728,124.9089,0,124.9,124.92,124.92,124.9,1672786500000,44,,0,,0,0,0,0,0,false
,7023,124.8685,0,124.9,124.9,124.9,124.81,1672786800000,183,,0,,0,0,0,0,0,false
,3238,124.9283,0,124.8801,124.9201,124.9699,124.8801,1672787100000,156,,0,,0,0,0,0,0,false
,4965,124.8811,0,124.92,124.87,124.92,124.84,1672787400000,163,,0,,0,0,0,0,0,false
,5177,124.8865,0,124.87,124.89,124.91,124.86,1672787700000,145,,0,,0,0,0,0,0,false
,4091,124.9245,0,124.93,124.91,124.9599,124.89,1672788000000,104,,0,,0,0,0,0,0,false
,6058,124.9254,0,124.91,124.92,124.94,124.9,1672788300000,128,,0,,0,0,0,0,0,false
,2922,124.9321,0,124.9395,124.93,124.95,124.9,1672788600000,121,,0,,0,0,0,0,0,false
,1204,124.9169,0,124.9,124.93,124.93,124.9,1672788900000,63,,0,,0,0,0,0,0,false
,3095,124.9503,0,124.93,124.98,124.98,124.93,1672789200000,84,,0,,0,0,0,0,0,false
,3618,124.9391,0,124.95,124.95,124.95,124.92,1672789500000,85,,0,,0,0,0,0,0,false
,1030,124.9513,0,124.96,124.94,124.96,124.94,1672789800000,51,,0,,0,0,0,0,0,false
,3321,124.9483,0,124.949,124.96,124.96,124.94,1672790100000,129,,0,,0,0,0,0,0,false
,4797,124.9681,0,124.97,124.97,124.98,124.95,1672790400000,128,,0,,0,0,0,0,0,false
,3831,124.9762,0,124.98,124.98,124.98,124.95,1672790700000,138,,0,,0,0,0,0,0,false
,6908,124.9583,0,124.97,124.95,124.98,124.95,1672791000000,146,,0,,0,0,0,0,0,false
,3035,124.9507,0,124.95,124.96,124.96,124.95,1672791300000,121,,0,,0,0,0,0,0,false
,12373,125.032,0,124.97,125.02,125.1,124.97,1672791600000,170,,0,,0,0,0,0,0,false
,2842,125.0705,0,125.05,125.1,125.1,125.04,1672791900000,68,,0,,0,0,0,0,0,false
,7613,125.0618,0,125.09,125.02,125.12,125.02,1672792200000,153,,0,,0,0,0,0,0,false
,4801,125.025,0,125.01,125,125.05,125,1672792500000,144,,0,,0,0,0,0,0,false
,3280,125.0128,0,125,124.98,125.04,124.98,1672792800000,147,,0,,0,0,0,0,0,false
,15981,124.9882,0,125,125.03,125.05,124.93,1672793100000,195,,0,,0,0,0,0,0,false
,10871,125.0003,0,125.03,124.98,125.03,124.96,1672793400000,192,,0,,0,0,0,0,0,false
,29601,125.0479,0,125.01,125,125.1001,124.92,1672793700000,317,,0,,0,0,0,0,0,false
,34943,126.2575,0,125.9,126.35,126.4,125.66,1672822800000,595,,0,,0,0,0,0,0,false
,17132,126.3261,0,126.36,126.3,126.4,126.28,1672823100000,385,,0,,0,0,0,0,0,false
,23012,126.2596,0,126.26,126.33,126.35,126.1,1672823400000,469,,0,,0,0,0,0,0,false
,5943,126.2922,0,126.23,126.28,126.33,126.23,1672823700000,201,,0,,0,0,0,0,0,false
,6622,126.2592,0,126.26,126.21,126.3,126.21,1672824000000,168,,0,,0,0,0,0,0,false
,7785,126.1526,0,126.24,126.15,126.24,126.1,1672824300000,229,,0,,0,0,0,0,0,false
,5555,126.1519,0,126.1,126.25,126.25,126.07,1672824600000,174,,0,,0,0,0,0,0,false
,3879,126.2733,0,126.27,126.29,126.3,126.21,1672824900000,104,,0,,0,0,0,0,0,false
,5283,126.2605,0,126.27,126.18,126.3,126.18,1672825200000,162,,0,,0,0,0,0,0,false
,11031,126.3178,0,126.2,126.37,126.4,126.2,1672825500000,219,,0,,0,0,0,0,0,false
,3761,126.353,0,126.37,126.3,126.38,126.3,1672825800000,94,,0,,0,0,0,0,0,false
,1722,126.2483,0,126.29,126.24,126.3,126.21,1672826100000,60,,0,,0,0,0,0,0,false
,6863,126.264,0,126.21,126.38,126.38,126.2,1672826400000,101,,0,,0,0,0,0,0,false
,9675,126.4474,0,126.39,126.4,126.55,126.39,1672826700000,236,,0,,0,0,0,0,0,false
,7529,126.5127,0,126.45,126.57,126.68,126.4,1672827000000,213,,0,,0,0,0,0,0,false
,4901,126.4252,0,126.56,126.39,126.56,126.38,1672827300000,157,,0,,0,0,0,0,0,false
,1474,126.5457,0,126.54,126.56,126.56,126.54,1672827600000,50,,0,,0,0,0,0,0,false
,4113,126.401,0,126.5,126.35,126.5,126.34,1672827900000,119,,0,,0,0,0,0,0,false
,1931,126.4184,0,126.37,126.48,126.48,126.37,1672828200000,41,,0,,0,0,0,0,0,false
,10228,126.2153,0,126.32,126.1,126.32,126.1,1672828500000,271,,0,,0,0,0,0,0,false
,15045,126.0149,0,126.1,125.92,126.1,125.91,1672828800000,419,,0,,0,0,0,0,0,false
,7936,126.0795,0,126.05,126.15,126.15,126.04,1672829100000,127,,0,,0,0,0,0,0,false
,2664,126.1372,0,126.13,126.13,126.15,126.13,1672830000000,80,,0,,0,0,0,0,0,false
,3701,126.2035,0,126.17,126.31,126.31,126.16,1672830300000,87,,0,,0,0,0,0,0,false
,3851,126.3543,0,126.31,126.37,126.37,126.3,1672830600000,69,,0,,0,0,0,0,0,false
,2280,126.3608,0,126.37,126.32,126.37,126.32,1672830900000,45,,0,,0,0,0,0,0,false
,2115,126.3395,0,126.35,126.33,126.36,126.3,1672831200000,45,,0,,0,0,0,0,0,false
,274,126.3496,0,126.35,126.35,126.35,126.35,1672831500000,10,,0,,0,0,0,0,0,false
,3462,126.3048,0,126.24,126.3,126.35,126.24,1672831800000,98,,0,,0,0,0,0,0,false
,10156,126.4463,0,126.35,126.49,126.5,126.35,1672832100000,141,,0,,0,0,0,0,0,false
,2456,126.46,0,126.49,126.47,126.49,126.45,1672832400000,58,,0,,0,0,0,0,0,false
,3909,126.4019,0,126.41,126.44,126.44,126.39,1672832700000,64,,0,,0,0,0,0,0,false
,5667,126.4594,0,126.45,126.47,126.49,126.44,1672833000000,136,,0,,0,0,0,0,0,false
,6212,126.4185,0,126.48,126.3,126.49,126.3,1672833300000,182,,0,,0,0,0,0,0,false
,40968,126.0938,0,126.25,125.95,126.25,125.89,1672833600000,849,,0,,0,0,0,0,0,false
,22106,125.8428,0,126,125.75,126,125.75,1672833900000,406,,0,,0,0,0,0,0,false
,18914,125.849,0,125.75,125.9,125.97,125.7,1672834200000,354,,0,,0,0,0,0,0,false
,4957,125.9203,0,125.9,125.95,125.96,125.9,1672834500000,112,,0,,0,0,0,0,0,false
,7428,125.8718,0,125.86,125.9,125.95,125.84,1672834800000,202,,0,,0,0,0,0,0,false
,16730,125.8969,0,125.81,125.9,126.03,125.8,1672835100000,328,,0,,0,0,0,0,0,false
,11478,125.9776,0,125.88,125.99,126.05,125.88,1672835400000,229,,0,,0,0,0,0,0,false
,8983,125.9937,0,125.96,126,126.05,125.92,1672835700000,251,,0,,0,0,0,0,0,false
,26280,125.985,0,125.97,126.06,126.08,125.88,1672836000000,496,,0,,0,0,0,0,0,false
,36751,125.6995,0,126.06,125.6,126.06,125.53,1672836300000,665,,0,,0,0,0,0,0,false
,9491,125.7663,0,125.56,125.87,125.9,125.54,1672836600000,203,,0,,0,0,0,0,0,false
,10080,125.7933,0,125.81,125.86,125.87,125.75,1672836900000,240,,0,,0,0,0,0,0,false
,157042,125.916,0,126.071,126,126.21,125.38,1672837200000,2827,,0,,0,0,0,0,0,false
,27256,126.0092,0,126.01,126.15,126.15,125.91,1672837500000,625,,0,,0,0,0,0,0,false
,47248,126.1333,0,126.1,126.06,126.2,126.01,1672837800000,622,,0,,0,0,0,0,0,false
,51450,126.0629,0,126.06,126.14,126.14,126,1672838100000,740,,0,,0,0,0,0,0,false
,95127,126.3476,0,126.14,126.5,126.56,126.11,1672838400000,1340,,0,,0,0,0,0,0,false
,56395,126.3713,0,126.5,126.3,126.5,126.23,1672838700000,696,,0,,0,0,0,0,0,false
,36102,126.353,0,126.31,126.26,126.5,126.26,1672839000000,647,,0,,0,0,0,0,0,false
,38000,126.2893,0,126.27,126.39,126.39,126.19,1672839300000,524,,0,,0,0,0,0,0,false
,59407,126.4322,0,126.36,126.5,126.53,126.33,1672839600000,807,,0,,0,0,0,0,0,false
,49837,126.5322,0,126.53,126.41,126.66,126.4,1672839900000,858,,0,,0,0,0,0,0,false
,40210,126.3418,0,126.41,126.25,126.48,126.25,1672840200000,831,,0,,0,0,0,0,0,false
,59590,126.2409,0,126.26,126.33,126.39,126.04,1672840500000,979,,0,,0,0,0,0,0,false
,79343,126.1409,0,126.28,126.14,126.39,126,1672840800000,1116,,0,,0,0,0,0,0,false
,123338,126.402,0,126.12,126.55,126.64,126.1,1672841100000,1438,,0,,0,0,0,0,0,false
,60291,126.3596,0,126.49,126.27,126.59,126.18,1672841400000,891,,0,,0,0,0,0,0,false
,60119,126.1338,0,126.21,126.2,126.22,126.01,1672841700000,796,,0,,0,0,0,0,0,false
,38327,126.1546,0,126.2,126.05,126.3,126.02,1672842000000,647,,0,,0,0,0,0,0,false
,168204,126.6415,0,126,126.85,127,126,1672842300000,1859,,0,,0,0,0,0,0,false
,4.499997E+06,126.738,0,126.89,126.72,127.19,126.25,1672842600000,39077,,0,,0,0,0,0,0,false
,2.655531E+06,127.1464,0,126.7215,126.735,127.555,126.58,1672842900000,25389,,0,,0,0,0,0,0,false
,2.022657E+06,126.8247,0,126.735,126.1637,127.34,126.13,1672843200000,18489,,0,,0,0,0,0,0,false
,2.303967E+06,126.5978,0,126.165,126.32,127,126.07,1672843500000,14144,,0,,0,0,0,0,0,false
,1.516421E+06,126.4164,0,126.325,126.07,126.8575,126.04,1672843800000,14263,,0,,0,0,0,0,0,false
,1.625048E+06,126.2532,0,126.065,126.66,126.71,125.94,1672844100000,14330,,0,,0,0,0,0,0,false
,3.080496E+06,126.5392,0,126.64,125.785,127.34,125.66,1672844400000,29186,,0,,0,0,0,0,0,false
,1.584896E+06,125.5759,0,125.78,125.594,126.09,125.27,1672844700000,15246,,0,,0,0,0,0,0,false
,1.211779E+06,125.427,0,125.59,125.72,125.748,125.08,1672845000000,11829,,0,,0,0,0,0,0,false
,995201,125.7825,0,125.7399,125.74,125.975,125.6,1672845300000,9490,,0,,0,0,0,0,0,false
,1.124873E+06,125.8104,0,125.73,125.84,125.9599,125.64,1672845600000,9514,,0,,0,0,0,0,0,false
,1.09449E+06,125.7292,0,125.83,125.9983,126,125.47,1672845900000,10034,,0,,0,0,0,0,0,false
,1.098448E+06,125.6885,0,125.99,125.83,126.04,125.334,1672846200000,10096,,0,,0,0,0,0,0,false
,1.061797E+06,126.0288,0,125.82,126,126.24,125.71,1672846500000,9911,,0,,0,0,0,0,0,false
,1.015565E+06,126.2952,0,126,126.6,126.74,125.91,1672846800000,9281,,0,,0,0,0,0,0,false
,1.200522E+06,126.8525,0,126.5985,126.945,127,126.585,1672847100000,10089,,0,,0,0,0,0,0,false
,883366,126.8836,0,126.95,126.825,127.02,126.75,1672847400000,9000,,0,,0,0,0,0,0,false
,773535,126.8211,0,126.83,126.99,126.99,126.65,1672847700000,8225,,0,,0,0,0,0,0,false
,803160,126.7543,0,126.96,126.63,127.03,126.6,1672848000000,7894,,0,,0,0,0,0,0,false
,558672,126.6622,0,126.635,126.7,126.82,126.5,1672848300000,6228,,0,,0,0,0,0,0,false
,1.048627E+06,126.9234,0,126.705,127.0867,127.115,126.68,1672848600000,9643,,0,,0,0,0,0,0,false
,717511,127.0788,0,127.09,127.1211,127.17,126.97,1672848900000,7563,,0,,0,0,0,0,0,false
,733900,127.1432,0,127.12,127.1101,127.25,127.03,1672849200000,7553,,0,,0,0,0,0,0,false
,1.156305E+06,127.2998,0,127.11,127.38,127.5,127.04,1672849500000,9991,,0,,0,0,0,0,0,false
,1.279689E+06,127.6946,0,127.39,127.735,127.88,127.38,1672849800000,12442,,0,,0,0,0,0,0,false
,1.614409E+06,128.0561,0,127.732,128.29,128.35,127.68,1672850100000,14106,,0,,0,0,0,0,0,false
,935613,128.2394,0,128.3,128.12,128.44,128.0985,1672850400000,9453,,0,,0,0,0,0,0,false
,729086,128.0234,0,128.12,128.03,128.14,127.9,1672850700000,7210,,0,,0,0,0,0,0,false
,598826,127.941,0,128.04,127.9373,128.1,127.8,1672851000000,6693,,0,,0,0,0,0,0,false
,664840,127.9494,0,127.94,127.77,128.1,127.7399,1672851300000,7032,,0,,0,0,0,0,0,false
,522535,127.8346,0,127.77,127.98,128.01,127.72,1672851600000,5745,,0,,0,0,0,0,0,false
,618410,128.012,0,127.9801,128.026,128.12,127.85,1672851900000,6386,,0,,0,0,0,0,0,false
,572469,128.054,0,128.02,128.0864,128.17,127.92,1672852200000,5656,,0,,0,0,0,0,0,false
,770317,128.2992,0,128.09,128.43,128.46,128.05,1672852500000,6760,,0,,0,0,0,0,0,false
,845074,128.5062,0,128.43,128.43,128.6557,128.36,1672852800000,7788,,0,,0,0,0,0,0,false
,514509,128.2037,0,128.44,128.065,128.49,128.03,1672853100000,4860,,0,,0,0,0,0,0,false
,458477,128.0983,0,128.075,127.945,128.22,127.92,1672853400000,5013,,0,,0,0,0,0,0,false
,542525,127.8813,0,127.95,127.94,127.95,127.76,1672853700000,5615,,0,,0,0,0,0,0,false
,334263,127.9305,0,127.94,127.92,127.99,127.84,1672854000000,3882,,0,,0,0,0,0,0,false
,431482,127.8049,0,127.919,127.78,127.919,127.6914,1672854300000,4854,,0,,0,0,0,0,0,false
,463202,127.5879,0,127.79,127.5999,127.85,127.46,1672854600000,5276,,0,,0,0,0,0,0,false
,568143,127.389,0,127.59,127.23,127.59,127.23,1672854900000,5440,,0,,0,0,0,0,0,false
,696168,127.0875,0,127.235,127.12,127.3,126.93,1672855200000,6865,,0,,0,0,0,0,0,false
,409674,127.1446,0,127.12,127.23,127.24,127.05,1672855500000,4104,,0,,0,0,0,0,0,false
,444733,127.2158,0,127.23,127.22,127.29,127.15,1672855800000,4561,,0,,0,0,0,0,0,false
,506435,127.3639,0,127.2199,127.455,127.48,127.18,1672856100000,5413,,0,,0,0,0,0,0,false
,422202,127.3979,0,127.4511,127.335,127.5,127.2599,1672856400000,4421,,0,,0,0,0,0,0,false
,266762,127.3275,0,127.335,127.2601,127.4,127.26,1672856700000,3737,,0,,0,0,0,0,0,false
,295132,127.2969,0,127.265,127.3186,127.38,127.23,1672857000000,3888,,0,,0,0,0,0,0,false
,451818,127.3963,0,127.315,127.39,127.4884,127.29,1672857300000,4442,,0,,0,0,0,0,0,false
,359974,127.3724,0,127.38,127.4172,127.44,127.27,1672857600000,4116,,0,,0,0,0,0,0,false
,443340,127.2958,0,127.41,127.36,127.425,127.09,1672857900000,5085,,0,,0,0,0,0,0,false
,298424,127.3787,0,127.3699,127.42,127.445,127.31,1672858200000,3570,,0,,0,0,0,0,0,false
,518483,127.2681,0,127.41,127.191,127.48,127.07,1672858500000,5968,,0,,0,0,0,0,0,false
,2.172228E+06,127.0146,0,127.17,126.77,127.87,126.28,1672858800000,21731,,0,,0,0,0,0,0,false
,1.071444E+06,126.9189,0,126.77,126.58,127.29,126.5,1672859100000,10070,,0,,0,0,0,0,0,false
,763669,126.6529,0,126.58,126.72,126.87,126.39,1672859400000,6943,,0,,0,0,0,0,0,false
,1.033433E+06,127.0533,0,126.71,127.08,127.34,126.6935,1672859700000,8370,,0,,0,0,0,0,0,false
,877920,126.6932,0,127.085,126.53,127.126,126.469,1672860000000,7367,,0,,0,0,0,0,0,false
,1.469145E+06,125.9383,0,126.51,125.725,126.56,125.62,1672860300000,14576,,0,,0,0,0,0,0,false
,1.053453E+06,125.6469,0,125.72,125.7488,125.84,125.51,1672860600000,10175,,0,,0,0,0,0,0,false
,910969,125.7449,0,125.7473,125.6446,125.95,125.55,1672860900000,8125,,0,,0,0,0,0,0,false
,1.157137E+06,125.7152,0,125.64,125.8018,126.1,125.38,1672861200000,10327,,0,,0,0,0,0,0,false
,711416,125.9245,0,125.81,125.91,126.06,125.7,1672861500000,6770,,0,,0,0,0,0,0,false
,706887,125.9709,0,125.9,126.01,126.2103,125.77,1672861800000,6574,,0,,0,0,0,0,0,false
,914507,126.3374,0,126.005,126.4734,126.51,125.98,1672862100000,8192,,0,,0,0,0,0,0,false
,860301,126.6381,0,126.47,126.7,127.83,126.41,1672862400000,7712,,0,,0,0,0,0,0,false
,729982,126.4604,0,126.71,126.46,126.73,126.24,1672862700000,6646,,0,,0,0,0,0,0,false
,1.251025E+06,126.4003,0,126.46,126.3535,126.54,126.2435,1672863000000,5708,,0,,0,0,0,0,0,false
,584883,126.3753,0,126.3501,126.235,126.54,126.2,1672863300000,5747,,0,,0,0,0,0,0,false
,888139,126.0825,0,126.2498,125.985,126.36,125.93,1672863600000,8284,,0,,0,0,0,0,0,false
,973933,125.9839,0,125.98,125.8399,126.145,125.82,1672863900000,7960,,0,,0,0,0,0,0,false
,950290,125.8278,0,125.82,125.86,125.94,125.75,1672864200000,8535,,0,,0,0,0,0,0,false
,1.002603E+06,125.5542,0,125.87,125.475,125.885,125.41,1672864500000,9858,,0,,0,0,0,0,0,false
,963856,125.3784,0,125.48,125.37,125.49,125.28,1672864800000,9987,,0,,0,0,0,0,0,false
,930701,125.4682,0,125.37,125.64,125.66,125.28,1672865100000,9425,,0,,0,0,0,0,0,false
,1.412504E+06,125.703,0,125.65,125.81,125.83,125.605,1672865400000,13634,,0,,0,0,0,0,0,false
,3.113282E+06,126.208,0,125.8,126.38,126.48,125.79,1672865700000,21751,,0,,0,0,0,0,0,false
,2.34808E+06,126.3603,0,126.38,126.43,126.68,126.25,1672866000000,724,,0,,0,0,0,0,0,false
,96738,126.3671,0,126.4,126.36,126.43,126.36,1672866300000,230,,0,,0,0,0,0,0,false
,61157,126.3614,0,126.39,126.35,126.41,126.35,1672866600000,199,,0,,0,0,0,0,0,false
,16727,126.3425,0,126.31,126.35,126.36,126.3,1672866900000,191,,0,,0,0,0,0,0,false
,10064,126.2968,0,126.35,126.26,126.35,126.26,1672867200000,122,,0,,0,0,0,0,0,false
,19430,126.2474,0,126.26,126.2,126.28,126.17,1672867500000,280,,0,,0,0,0,0,0,false
,13951,126.2602,0,126.2,126.2,126.29,126.2,1672867800000,224,,0,,0,0,0,0,0,false
,10027,126.2397,0,126.2,126.25,126.26,126.2,1672868100000,188,,0,,0,0,0,0,0,false
,12799,126.2496,0,126.24,126.25,126.27,126.21,1672868400000,183,,0,,0,0,0,0,0,false
,13743,126.3344,0,126.23,126.24,126.36,126.23,1672868700000,81,,0,,0,0,0,0,0,false
,7230,126.2221,0,126.23,126.17,126.25,126.17,1672869000000,165,,0,,0,0,0,0,0,false
,11585,126.1829,0,126.17,126.17,126.21,126.15,1672869300000,167,,0,,0,0,0,0,0,false
,28540,126.2403,0,126.18,126.36,126.39,126.11,1672869600000,214,,0,,0,0,0,0,0,false
,56900,126.6358,0,126.36,126.8,127,126.36,1672869900000,513,,0,,0,0,0,0,0,false
,33542,126.8326,0,126.79,126.8,126.99,126.66,1672870200000,308,,0,,0,0,0,0,0,false
,33235,127.1361,0,126.9,127.3,127.49,126.79,1672870500000,416,,0,,0,0,0,0,0,false
,51779,127.3815,0,127.3,127.44,127.6,127.02,1672870800000,362,,0,,0,0,0,0,0,false
,24157,127.382,0,127.44,127.42,127.4432,127.3,1672871100000,152,,0,,0,0,0,0,0,false
,15659,127.2743,0,127.28,127.2,127.4016,127.2,1672871400000,154,,0,,0,0,0,0,0,false
,15472,127.3485,0,127.29,127.46,127.46,127.25,1672871700000,179,,0,,0,0,0,0,0,false
,15455,127.4312,0,127.4593,127.35,127.5,127.35,1672872000000,177,,0,,0,0,0,0,0,false
,40308,127.5519,0,127.35,127.65,127.72,127.35,1672872300000,277,,0,,0,0,0,0,0,false
,14407,127.63,0,127.64,127.74,127.74,127.52,1672872600000,152,,0,,0,0,0,0,0,false
,9024,127.5904,0,127.6,127.54,127.68,127.54,1672872900000,130,,0,,0,0,0,0,0,false
,26631,127.3177,0,127.52,127.2,127.52,127.2,1672873200000,202,,0,,0,0,0,0,0,false
,7251,127.2155,0,127.19,127.2,127.26,127.1,1672873500000,137,,0,,0,0,0,0,0,false
,15638,127.2408,0,127.24,127.26,127.34,127.15,1672873800000,180,,0,,0,0,0,0,0,false
,34204,126.663,0,127.28,127.3,127.34,126.36,1672874100000,98,,0,,0,0,0,0,0,false
,13101,127.2274,0,127.3,127.22,127.35,127.12,1672874400000,152,,0,,0,0,0,0,0,false
,10345,127.1774,0,127.17,127.15,127.28,127.14,1672874700000,101,,0,,0,0,0,0,0,false
,9818,127.158,0,127.16,127.17,127.2,127.13,1672875000000,163,,0,,0,0,0,0,0,false
,6214,127.1691,0,127.16,127.18,127.2,127.15,1672875300000,126,,0,,0,0,0,0,0,false
,12278,127.1439,0,127.18,127.12,127.2,127.12,1672875600000,374,,0,,0,0,0,0,0,false
,7837,127.0898,0,127.13,127.14,127.14,127.05,1672875900000,179,,0,,0,0,0,0,0,false
,7519,127.1845,0,127.15,127.18,127.2,127.15,1672876200000,95,,0,,0,0,0,0,0,false
,9682,127.131,0,127.15,127,127.22,127,1672876500000,126,,0,,0,0,0,0,0,false
,7165,126.9903,0,127.01,126.93,127.05,126.91,1672876800000,113,,0,,0,0,0,0,0,false
,8653,126.848,0,126.93,126.86,126.93,126.81,1672877100000,115,,0,,0,0,0,0,0,false
,4687,126.8151,0,126.84,126.8,126.84,126.8,1672877400000,77,,0,,0,0,0,0,0,false
,4350,126.812,0,126.85,126.8,126.85,126.75,1672877700000,85,,0,,0,0,0,0,0,false
,12702,126.8485,0,126.8201,126.88,126.89,126.8201,1672878000000,100,,0,,0,0,0,0,0,false
,8134,126.9742,0,126.88,126.99,127.08,126.88,1672878300000,123,,0,,0,0,0,0,0,false
,4433,127.024,0,127.03,127,127.05,127,1672878600000,88,,0,,0,0,0,0,0,false
,6731,126.9173,0,126.9301,126.9,126.9301,126.89,1672878900000,91,,0,,0,0,0,0,0,false
,7528,126.8269,0,126.9,126.8,126.9,126.75,1672879200000,122,,0,,0,0,0,0,0,false
,4415,126.7198,0,126.79,126.66,126.79,126.66,1672879500000,123,,0,,0,0,0,0,0,false
,10879,126.6505,0,126.64,126.7,126.7,126.61,1672879800000,142,,0,,0,0,0,0,0,false
,10566,126.6938,0,126.7,126.65,126.72,126.65,1672880100000,187,,0,,0,0,0,0,0,false
,20065,126.7,0,127,126.6,127,126.37,1672909200000,264,,0,,0,0,0,0,0,false
,58945,126.0799,0,126.53,125.99,126.53,125.95,1672909500000,476,,0,,0,0,0,0,0,false
,4855,126.0084,0,125.96,126.16,126.16,125.95,1672909800000,82,,0,,0,0,0,0,0,false
,6602,126.2948,0,126.21,126.4,126.4,126.21,1672910100000,95,,0,,0,0,0,0,0,false
,5095,126.3827,0,126.45,126.56,126.56,126.25,1672910400000,124,,0,,0,0,0,0,0,false
,4426,126.4267,0,126.5,126.34,126.5,126.25,1672910700000,84,,0,,0,0,0,0,0,false
,10923,126.364,0,126.4,126.24,126.41,126.2,1672911000000,140,,0,,0,0,0,0,0,false
,1009,126.169,0,126.15,126.14,126.19,126.12,1672911300000,24,,0,,0,0,0,0,0,false
,7440,126.427,0,126.48,126.13,126.5,126.13,1672911600000,114,,0,,0,0,0,0,0,false
,2430,126.3606,0,126.31,126.45,126.45,126.3,1672911900000,44,,0,,0,0,0,0,0,false
,9456,126.3006,0,126.45,126.27,126.45,126.27,1672912200000,115,,0,,0,0,0,0,0,false
,11182,126.395,0,126.37,126.4,126.4,126.36,1672912500000,75,,0,,0,0,0,0,0,false
,6988,126.4617,0,126.4,126.5,126.58,126.39,1672912800000,101,,0,,0,0,0,0,0,false
,3886,126.4658,0,126.5,126.4,126.5,126.4,1672913100000,62,,0,,0,0,0,0,0,false
,2557,126.5829,0,126.57,126.61,126.62,126.55,1672913400000,62,,0,,0,0,0,0,0,false
,745,126.7617,0,126.7,126.83,126.83,126.7,1672913700000,25,,0,,0,0,0,0,0,false
,1422,126.8984,0,126.9,126.9,126.9,126.9,1672914000000,24,,0,,0,0,0,0,0,false
,17614,126.6552,0,126.72,126.69,126.72,126.59,1672914900000,179,,0,,0,0,0,0,0,false
,21812,126.6075,0,126.69,126.56,126.69,126.56,1672915200000,210,,0,,0,0,0,0,0,false
,7514,126.4254,0,126.54,126.33,126.54,126.33,1672915500000,166,,0,,0,0,0,0,0,false
,40014,125.9953,0,126.33,125.86,126.33,125.79,1672915800000,588,,0,,0,0,0,0,0,false
,12009,125.9656,0,125.9,125.92,126,125.9,1672916100000,170,,0,,0,0,0,0,0,false
,9489,126.0347,0,125.96,126.21,126.27,125.96,1672916400000,128,,0,,0,0,0,0,0,false
,6442,126.2726,0,126.21,126.3,126.31,126.2,1672916700000,54,,0,,0,0,0,0,0,false
,6269,126.4341,0,126.3,126.52,126.52,126.3,1672917000000,96,,0,,0,0,0,0,0,false
,22329,126.5296,0,126.5,126.5,126.64,126.5,1672917300000,220,,0,,0,0,0,0,0,false
,7540,126.4741,0,126.5,126.46,126.5,126.37,1672917600000,116,,0,,0,0,0,0,0,false
,13216,126.4532,0,126.47,126.48,126.5,126.34,1672917900000,168,,0,,0,0,0,0,0,false
,13979,126.6251,0,126.46,126.72,126.73,126.46,1672918200000,135,,0,,0,0,0,0,0,false
,6613,126.6577,0,126.71,126.73,126.73,126.62,1672918500000,58,,0,,0,0,0,0,0,false
,2766,126.6717,0,126.7,126.69,126.7,126.62,1672918800000,88,,0,,0,0,0,0,0,false
,11663,126.7777,0,126.72,126.82,126.83,126.72,1672919100000,174,,0,,0,0,0,0,0,false
,4702,126.9036,0,126.83,126.99,126.99,126.79,1672919400000,120,,0,,0,0,0,0,0,false
,10476,126.9831,0,126.96,126.99,127.09,126.9,1672919700000,158,,0,,0,0,0,0,0,false
,26887,126.9455,0,126.93,126.95,127,126.87,1672920000000,378,,0,,0,0,0,0,0,false
,20348,127.2336,0,126.98,127.1,127.44,126.98,1672920300000,372,,0,,0,0,0,0,0,false
,13755,127.1708,0,127.1,127.16,127.25,127.1,1672920600000,305,,0,,0,0,0,0,0,false
,10950,127.325,0,127.2,127.36,127.44,127.2,1672920900000,187,,0,,0,0,0,0,0,false
,4219,127.4049,0,127.38,127.43,127.43,127.38,1672921200000,79,,0,,0,0,0,0,0,false
,8288,127.2862,0,127.38,127.15,127.38,127.15,1672921500000,231,,0,,0,0,0,0,0,false
,4452,127.3551,0,127.25,127.44,127.44,127.25,1672921800000,120,,0,,0,0,0,0,0,false
,21673,127.5709,0,127.44,127.6,127.7,127.44,1672922100000,461,,0,,0,0,0,0,0,false
,42969,127.6865,0,127.57,127.69,127.88,127.45,1672922400000,703,,0,,0,0,0,0,0,false
,36122,127.5595,0,127.7,127.61,127.7,127.4,1672922700000,574,,0,,0,0,0,0,0,false
,22431,127.5069,0,127.53,127.6,127.6,127.45,1672923000000,394,,0,,0,0,0,0,0,false
,22033,127.6097,0,127.64,127.6,127.69,127.55,1672923300000,336,,0,,0,0,0,0,0,false
,165966,127.5098,0,127.05,127.61,127.87,126.25,1672923600000,2234,,0,,0,0,0,0,0,false
,43637,127.5919,0,127.6,127.689,127.72,127.48,1672923900000,473,,0,,0,0,0,0,0,false
,34301,127.5032,0,127.66,127.6,127.66,127.37,1672924200000,443,,0,,0,0,0,0,0,false
,111190,127.1536,0,127.51,127.1,127.51,126.9,1672924500000,1586,,0,,0,0,0,0,0,false
,61350,127.1471,0,127.12,127.31,127.31,127.01,1672924800000,851,,0,,0,0,0,0,0,false
,37486,127.3648,0,127.39,127.27,127.4794,127.21,1672925100000,549,,0,,0,0,0,0,0,false
,91334,127.0006,0,127.25,127.03,127.25,126.84,1672925400000,1002,,0,,0,0,0,0,0,false
,89533,126.7989,0,127,126.82,127.09,126.63,1672925700000,1075,,0,,0,0,0,0,0,false
,73124,126.8654,0,126.82,126.85,126.99,126.73,1672926000000,1004,,0,,0,0,0,0,0,false
,37775,126.9521,0,126.85,126.86,127.1,126.77,1672926300000,628,,0,,0,0,0,0,0,false
,26583,126.9634,0,126.94,126.92,127.0738,126.87,1672926600000,474,,0,,0,0,0,0,0,false
,22557,126.9126,0,126.92,126.92,127,126.86,1672926900000,439,,0,,0,0,0,0,0,false
,79880,126.7607,0,126.9115,126.68,126.94,126.6,1672927200000,1144,,0,,0,0,0,0,0,false
,27887,126.7119,0,126.67,126.75,126.8,126.61,1672927500000,432,,0,,0,0,0,0,0,false
,48299,126.8418,0,126.72,126.97,126.97,126.72,1672927800000,741,,0,,0,0,0,0,0,false
,56366,127.1305,0,126.94,127.24,127.32,126.94,1672928100000,811,,0,,0,0,0,0,0,false
,58901,126.8812,0,127.275,126.77,127.28,126.6,1672928400000,1005,,0,,0,0,0,0,0,false
,82836,127.0898,0,126.83,127.15,127.31,126.83,1672928700000,765,,0,,0,0,0,0,0,false
,3.34993E+06,126.4926,0,127.13,125.67,127.16,125.635,1672929000000,41527,,0,,0,0,0,0,0,false
,1.546844E+06,125.8053,0,125.68,125.7499,126,125.58,1672929300000,17682,,0,,0,0,0,0,0,false
,1.65848E+06,125.5972,0,125.73,125.86,125.96,125.32,1672929600000,17160,,0,,0,0,0,0,0,false
,1.858097E+06,125.8583,0,125.85,126.3,126.445,125.46,1672929900000,19299,,0,,0,0,0,0,0,false
,1.584683E+06,126.3546,0,126.3,126.68,126.68,126.02,1672930200000,13542,,0,,0,0,0,0,0,false
,2.225588E+06,127.092,0,126.6747,127.38,127.4891,126.63,1672930500000,17161,,0,,0,0,0,0,0,false
,1.476972E+06,127.426,0,127.3699,127.385,127.64,127.1918,1672930800000,13036,,0,,0,0,0,0,0,false
,1.595044E+06,127.2752,0,127.38,127.34,127.77,126.91,1672931100000,14760,,0,,0,0,0,0,0,false
,1.632141E+06,127.178,0,127.34,127.1099,127.4579,127.05,1672931400000,9669,,0,,0,0,0,0,0,false
,1.079016E+06,126.9573,0,127.09,126.95,127.2,126.64,1672931700000,10176,,0,,0,0,0,0,0,false
,1.159281E+06,126.9584,0,126.94,126.8,127.1799,126.72,1672932000000,8828,,0,,0,0,0,0,0,false
,914751,126.8493,0,126.8,126.76,127.02,126.67,1672932300000,7114,,0,,0,0,0,0,0,false
,1.314366E+06,126.5599,0,126.77,126.4901,126.85,126.39,1672932600000,8438,,0,,0,0,0,0,0,false
,1.018733E+06,126.3793,0,126.495,126.4452,126.61,126.16,1672932900000,9669,,0,,0,0,0,0,0,false
,945593,126.6311,0,126.43,126.88,126.9499,126.32,1672933200000,7927,,0,,0,0,0,0,0,false
,863938,126.8222,0,126.88,126.545,127.03,126.51,1672933500000,7372,,0,,0,0,0,0,0,false
,809546,126.4946,0,126.55,126.425,126.6799,126.3,1672933800000,7108,,0,,0,0,0,0,0,false
,729046,126.3999,0,126.43,126.42,126.51,126.28,1672934100000,6425,,0,,0,0,0,0,0,false
,695333,126.3656,0,126.42,126.5482,126.557,126.15,1672934400000,6558,,0,,0,0,0,0,0,false
,740093,126.6233,0,126.5301,126.53,126.75,126.5,1672934700000,5879,,0,,0,0,0,0,0,false
,878400,126.7408,0,126.54,126.795,127,126.53,1672935000000,7271,,0,,0,0,0,0,0,false
,568402,126.7625,0,126.8,126.6081,126.9399,126.5882,1672935300000,5303,,0,,0,0,0,0,0,false
,713413,126.461,0,126.6008,126.36,126.69,126.32,1672935600000,6102,,0,,0,0,0,0,0,false
,627753,126.4803,0,126.3682,126.5599,126.56,126.32,1672935900000,5488,,0,,0,0,0,0,0,false
,647477,126.5227,0,126.55,126.6,126.645,126.43,1672936200000,5249,,0,,0,0,0,0,0,false
,1.164769E+06,126.6119,0,126.61,126.6402,126.8101,126.43,1672936500000,7486,,0,,0,0,0,0,0,false
,746763,126.7043,0,126.63,126.915,126.95,126.435,1672936800000,5899,,0,,0,0,0,0,0,false
,758410,126.9805,0,126.915,126.99,127.08,126.89,1672937100000,6510,,0,,0,0,0,0,0,false
,652048,126.8906,0,126.9985,126.755,127.06,126.71,1672937400000,5083,,0,,0,0,0,0,0,false
,442052,126.7417,0,126.76,126.68,126.92,126.62,1672937700000,4588,,0,,0,0,0,0,0,false
,519369,126.7127,0,126.68,126.7,126.839,126.5901,1672938000000,5461,,0,,0,0,0,0,0,false
,581529,126.7449,0,126.7,126.6432,126.955,126.61,1672938300000,5399,,0,,0,0,0,0,0,false
,446868,126.5781,0,126.6401,126.56,126.6694,126.5,1672938600000,4673,,0,,0,0,0,0,0,false
,565210,126.4472,0,126.5599,126.2579,126.6,126.22,1672938900000,5417,,0,,0,0,0,0,0,false
,547568,126.3957,0,126.25,126.5652,126.6299,126.2,1672939200000,4462,,0,,0,0,0,0,0,false
,332166,126.5474,0,126.57,126.5032,126.62,126.4733,1672939500000,3409,,0,,0,0,0,0,0,false
,515489,126.6308,0,126.5,126.7,126.8,126.49,1672939800000,4723,,0,,0,0,0,0,0,false
,403180,126.5287,0,126.705,126.44,126.77,126.38,1672940100000,3971,,0,,0,0,0,0,0,false
,307884,126.3885,0,126.44,126.35,126.4825,126.3,1672940400000,3490,,0,,0,0,0,0,0,false
,353189,126.3371,0,126.35,126.34,126.41,126.265,1672940700000,3649,,0,,0,0,0,0,0,false
,400922,126.2945,0,126.32,126.2031,126.475,126.18,1672941000000,4186,,0,,0,0,0,0,0,false
,309950,126.2308,0,126.2,126.2474,126.3,126.18,1672941300000,3561,,0,,0,0,0,0,0,false
,347043,126.1997,0,126.245,126.1899,126.2686,126.1101,1672941600000,3760,,0,,0,0,0,0,0,false
,733005,126.1104,0,126.188,126.088,126.23,125.97,1672941900000,7390,,0,,0,0,0,0,0,false
,433299,125.9861,0,126.085,125.8179,126.14,125.81,1672942200000,4685,,0,,0,0,0,0,0,false
,410812,125.848,0,125.81,125.8699,125.9,125.8001,1672942500000,4136,,0,,0,0,0,0,0,false
,1.500352E+06,126.4165,0,125.865,126.66,126.79,125.855,1672942800000,11894,,0,,0,0,0,0,0,false
,930350,126.6515,0,126.67,126.48,126.87,126.46,1672943100000,8321,,0,,0,0,0,0,0,false
,759580,126.7824,0,126.49,126.925,126.98,126.49,1672943400000,6406,,0,,0,0,0,0,0,false
,761295,126.8452,0,126.925,126.7363,127.04,126.61,1672943700000,5436,,0,,0,0,0,0,0,false
,573469,126.6415,0,126.74,126.5215,126.84,126.45,1672944000000,4439,,0,,0,0,0,0,0,false
,521814,126.4356,0,126.53,126.394,126.56,126.34,1672944300000,4695,,0,,0,0,0,0,0,false
,349374,126.3864,0,126.39,126.3701,126.445,126.28,1672944600000,3767,,0,,0,0,0,0,0,false
,467728,126.3084,0,126.3758,126.27,126.45,126.18,1672944900000,4583,,0,,0,0,0,0,0,false
,503505,126.3622,0,126.28,126.32,126.47,126.19,1672945200000,4465,,0,,0,0,0,0,0,false
,398534,126.3185,0,126.33,126.39,126.43,126.24,1672945500000,3403,,0,,0,0,0,0,0,false
,593472,126.2584,0,126.4,126.05,126.44,126.02,1672945800000,5385,,0,,0,0,0,0,0,false
,332310,126.1482,0,126.06,126.19,126.22,126.04,1672946100000,4040,,0,,0,0,0,0,0,false
,491255,126.0513,0,126.19,125.9901,126.21,125.92,1672946400000,5197,,0,,0,0,0,0,0,false
,491560,125.9297,0,125.99,125.8887,126.06,125.81,1672946700000,4822,,0,,0,0,0,0,0,false
,410452,125.9656,0,125.89,125.9366,126.025,125.88,1672947000000,4389,,0,,0,0,0,0,0,false
,878852,126.1398,0,125.93,126.115,126.38,125.925,1672947300000,8000,,0,,0,0,0,0,0,false
,572236,126.0584,0,126.12,125.93,126.1907,125.91,1672947600000,5765,,0,,0,0,0,0,0,false
,804305,125.9551,0,125.92,125.925,126.14,125.83,1672947900000,7594,,0,,0,0,0,0,0,false
,856982,125.8085,0,125.93,125.845,125.945,125.67,1672948200000,8265,,0,,0,0,0,0,0,false
,1.070835E+06,125.6124,0,125.8403,125.48,125.85,125.475,1672948500000,10257,,0,,0,0,0,0,0,false
,1.283584E+06,125.5928,0,125.485,125.4672,125.53,125.34,1672948800000,7459,,0,,0,0,0,0,0,false
,734789,125.3768,0,125.465,125.25,125.505,125.25,1672949100000,7011,,0,,0,0,0,0,0,false
,1.146016E+06,125.1465,0,125.255,125.165,125.27,125.03,1672949400000,10398,,0,,0,0,0,0,0,false
,843974,125.234,0,125.1633,125.1491,125.36,125.06,1672949700000,7484,,0,,0,0,0,0,0,false
,783257,125.1518,0,125.145,125.1,125.28,125.03,1672950000000,7064,,0,,0,0,0,0,0,false
,689819,125.131,0,125.1,125.16,125.2401,125.03,1672950300000,6919,,0,,0,0,0,0,0,false
,883789,125.0697,0,125.17,125.1114,125.19,125.01,1672950600000,8336,,0,,0,0,0,0,0,false
,1.188647E+06,125.2218,0,125.1103,125.195,125.3,125.09,1672950900000,7493,,0,,0,0,0,0,0,false
,1.098776E+06,125.1033,0,125.19,125.075,125.25,125,1672951200000,11434,,0,,0,0,0,0,0,false
,1.335736E+06,125.0986,0,125.08,125.035,125.27,125,1672951500000,11685,,0,,0,0,0,0,0,false
,2.301609E+06,124.8591,0,125.04,124.775,125.04,124.76,1672951800000,22058,,0,,0,0,0,0,0,false
,2.656856E+06,125.0207,0,124.78,125.03,125.17,124.77,1672952100000,22462,,0,,0,0,0,0,0,false
,995959,125.0257,0,125.02,125.12,125.17,125.02,1672952400000,772,,0,,0,0,0,0,0,false
,265104,125.0215,0,125.09,125.03,125.09,124.99,1672952700000,505,,0,,0,0,0,0,0,false
,49592,125.0323,0,125.08,125.02,125.11,125.02,1672953000000,348,,0,,0,0,0,0,0,false
,23147,125.1134,0,125.09,125.14,125.15,125.09,1672953300000,333,,0,,0,0,0,0,0,false
,59710,125.2157,0,125.14,125.2,125.3,125.03,1672953600000,445,,0,,0,0,0,0,0,false
,25870,125.0724,0,125.17,125.19,125.21,125.02,1672953900000,217,,0,,0,0,0,0,0,false
,31747,125.256,0,125.19,125.22,125.34,125.13,1672954200000,333,,0,,0,0,0,0,0,false
,8562,125.1489,0,125.22,125.12,125.22,125.11,1672954500000,240,,0,,0,0,0,0,0,false
,9428,125.1683,0,125.14,125.17,125.23,125.12,1672954800000,204,,0,,0,0,0,0,0,false
,20747,125.0915,0,125.17,125.11,125.19,125.02,1672955100000,244,,0,,0,0,0,0,0,false
,29572,125.0465,0,125.15,125.02,125.18,125.02,1672955400000,208,,0,,0,0,0,0,0,false
,699243,125.0214,0,125.09,125.16,125.16,125.08,1672955700000,246,,0,,0,0,0,0,0,false
,6018,125.1355,0,125.15,125.1487,125.15,125.1,1672956000000,131,,0,,0,0,0,0,0,false
,15307,125.1027,0,125.12,125.11,125.15,125.07,1672956300000,183,,0,,0,0,0,0,0,false
,9409,125.1207,0,125.0701,125.1,125.15,125.0701,1672956600000,129,,0,,0,0,0,0,0,false
,3578,125.104,0,125.15,125.1,125.15,125.08,1672956900000,143,,0,,0,0,0,0,0,false
,6350,125.0879,0,125.07,125.09,125.12,125.05,1672957200000,151,,0,,0,0,0,0,0,false
,5292,125.1147,0,125.09,125.13,125.15,125.09,1672957500000,137,,0,,0,0,0,0,0,false
,2156,125.1462,0,125.13,125.15,125.15,125.13,1672957800000,50,,0,,0,0,0,0,0,false
,5017,125.1036,0,125.13,125.08,125.13,125.08,1672958100000,100,,0,,0,0,0,0,0,false
,3529,125.0945,0,125.12,125.08,125.12,125.06,1672958400000,93,,0,,0,0,0,0,0,false
,8492,125.0944,0,125.1,125.1,125.12,125.07,1672958700000,97,,0,,0,0,0,0,0,false
,5904,125.1186,0,125.11,125.14,125.14,125.1,1672959000000,59,,0,,0,0,0,0,0,false
,4045,125.1134,0,125.1001,125.1,125.14,125.09,1672959300000,93,,0,,0,0,0,0,0,false
,5208,125.1657,0,125.13,125.11,125.23,125.11,1672959600000,116,,0,,0,0,0,0,0,false
,2112,125.1224,0,125.14,125.12,125.15,125.1,1672959900000,71,,0,,0,0,0,0,0,false
,601,125.1168,0,125.1,125.14,125.14,125.1,1672960200000,48,,0,,0,0,0,0,0,false
,2537,125.1437,0,125.16,125.11,125.16,125.11,1672960800000,81,,0,,0,0,0,0,0,false
,3577,125.1285,0,125.12,125.13,125.14,125.12,1672961100000,55,,0,,0,0,0,0,0,false
,1982,125.1439,0,125.14,125.16,125.17,125.12,1672961400000,79,,0,,0,0,0,0,0,false
,1393,125.1281,0,125.13,125.12,125.16,125.12,1672961700000,94,,0,,0,0,0,0,0,false
,57184,124.989,0,125.11,125.18,125.18,124.8,1672962000000,819,,0,,0,0,0,0,0,false
,5463,125.1425,0,125.16,125.1201,125.18,125.11,1672962300000,93,,0,,0,0,0,0,0,false
,1754,125.1311,0,125.12,125.14,125.14,125.12,1672962600000,53,,0,,0,0,0,0,0,false
,7083,125.154,0,125.14,125.17,125.18,125.12,1672962900000,118,,0,,0,0,0,0,0,false
,1430,125.1645,0,125.17,125.17,125.17,125.16,1672963200000,39,,0,,0,0,0,0,0,false
,4869,125.176,0,125.17,125.17,125.2,125.16,1672963500000,56,,0,,0,0,0,0,0,false
,1808,125.1797,0,125.21,125.15,125.23,125.13,1672963800000,46,,0,,0,0,0,0,0,false
,2268,125.137,0,125.16,125.13,125.16,125.12,1672964100000,27,,0,,0,0,0,0,0,false
,3939,125.1497,0,125.15,125.17,125.17,125.13,1672964400000,72,,0,,0,0,0,0,0,false
,3429,125.1498,0,125.13,125.14,125.17,125.12,1672964700000,94,,0,,0,0,0,0,0,false
,4438,125.2005,0,125.18,125.25,125.25,125.17,1672965000000,128,,0,,0,0,0,0,0,false
,1431,125.2254,0,125.24,125.2,125.24,125.2,1672965300000,42,,0,,0,0,0,0,0,false
,2435,125.1883,0,125.21,125.16,125.21,125.16,1672965600000,65,,0,,0,0,0,0,0,false
,4549,125.1872,0,125.2,125.19,125.2,125.16,1672965900000,71,,0,,0,0,0,0,0,false
,5873,125.1937,0,125.2,125.21,125.21,125.15,1672966200000,123,,0,,0,0,0,0,0,false
,10068,125.214,0,125.2,125.25,125.25,125.18,1672966500000,176,,0,,0,0,0,0,0,false
,19228,125.249,0,125.52,125.1,125.52,125.1,1672995600000,323,,0,,0,0,0,0,0,false
,6266,125.0893,0,125.13,125.14,125.15,125,1672995900000,280,,0,,0,0,0,0,0,false
,2824,124.8962,0,124.94,124.91,124.94,124.91,1672996200000,79,,0,,0,0,0,0,0,false
,3541,124.9091,0,124.9,124.98,124.98,124.9,1672996500000,78,,0,,0,0,0,0,0,false
,8524,124.8289,0,124.95,124.66,124.95,124.64,1672996800000,264,,0,,0,0,0,0,0,false
,1809,124.8061,0,124.83,124.8,124.83,124.8,1672997100000,60,,0,,0,0,0,0,0,false
,1480,124.7549,0,124.73,124.73,124.73,124.73,1672997400000,70,,0,,0,0,0,0,0,false
,1590,124.7784,0,124.76,124.78,124.78,124.76,1672997700000,26,,0,,0,0,0,0,0,false
,1965,124.7928,0,124.73,124.87,124.87,124.73,1672998000000,62,,0,,0,0,0,0,0,false
,3375,124.8484,0,124.84,124.86,124.86,124.84,1672998300000,53,,0,,0,0,0,0,0,false
,5992,124.8879,0,124.85,124.92,124.92,124.84,1672998600000,51,,0,,0,0,0,0,0,false
,1146,124.9493,0,124.92,124.96,124.96,124.92,1672998900000,36,,0,,0,0,0,0,0,false
,2490,124.9489,0,124.96,124.92,124.96,124.92,1672999200000,33,,0,,0,0,0,0,0,false
,6100,124.9914,0,124.94,125.01,125.02,124.94,1672999800000,86,,0,,0,0,0,0,0,false
,812,125.0308,0,125.03,125.03,125.03,125.03,1673000100000,25,,0,,0,0,0,0,0,false
,787,125.0365,0,125.01,125.06,125.06,125.01,1673000400000,19,,0,,0,0,0,0,0,false
,2148,125.1055,0,125.08,125.12,125.13,125.08,1673000700000,38,,0,,0,0,0,0,0,false
,2533,125.101,0,125.13,125.08,125.14,125.08,1673001000000,38,,0,,0,0,0,0,0,false
,700,125.1293,0,125.11,125.16,125.16,125.11,1673001300000,23,,0,,0,0,0,0,0,false
,470,125.1903,0,125.17,125.2,125.2,125.17,1673001600000,26,,0,,0,0,0,0,0,false
,1251,125.1459,0,125.22,125.09,125.22,125.09,1673001900000,59,,0,,0,0,0,0,0,false
,10812,125.0624,0,125.15,125,125.15,125,1673002200000,154,,0,,0,0,0,0,0,false
,1646,124.9741,0,125.01,124.86,125.01,124.86,1673002500000,131,,0,,0,0,0,0,0,false
,2512,124.9844,0,124.85,125.1,125.1,124.85,1673002800000,57,,0,,0,0,0,0,0,false
,447,124.8649,0,124.84,124.84,124.84,124.84,1673003100000,16,,0,,0,0,0,0,0,false
,2198,125.1032,0,125.05,125.14,125.14,125.05,1673003700000,42,,0,,0,0,0,0,0,false
,210,125.1781,0,125.16,125.16,125.16,125.16,1673004300000,7,,0,,0,0,0,0,0,false
,2363,125.0373,0,125.1,125,125.1,125,1673004600000,59,,0,,0,0,0,0,0,false
,295,124.9414,0,124.95,124.95,124.95,124.95,1673004900000,12,,0,,0,0,0,0,0,false
,3221,124.8714,0,124.95,124.94,124.95,124.8,1673005200000,148,,0,,0,0,0,0,0,false
,3220,124.8985,0,124.9,124.9,124.9,124.9,1673005800000,24,,0,,0,0,0,0,0,false
,674,124.8983,0,124.9,124.91,124.91,124.9,1673006100000,30,,0,,0,0,0,0,0,false
,16623,124.8914,0,124.91,124.87,124.96,124.86,1673006400000,326,,0,,0,0,0,0,0,false
,5909,124.8431,0,124.88,124.85,124.88,124.83,1673006700000,140,,0,,0,0,0,0,0,false
,5136,124.8127,0,124.82,124.77,124.85,124.77,1673007000000,166,,0,,0,0,0,0,0,false
,5436,124.8299,0,124.8,124.85,124.85,124.8,1673007300000,127,,0,,0,0,0,0,0,false
,4836,124.8839,0,124.86,124.9,124.9,124.86,1673007600000,99,,0,,0,0,0,0,0,false
,8268,124.954,0,124.92,124.95,124.98,124.92,1673007900000,148,,0,,0,0,0,0,0,false
,9488,124.9678,0,124.94,125,125,124.93,1673008200000,122,,0,,0,0,0,0,0,false
,5932,124.9824,0,125,124.9,125.02,124.9,1673008500000,132,,0,,0,0,0,0,0,false
,5114,124.9,0,124.95,124.85,124.96,124.85,1673008800000,137,,0,,0,0,0,0,0,false
,11356,124.8872,0,124.84,124.93,124.93,124.84,1673009100000,122,,0,,0,0,0,0,0,false
,26690,124.964,0,124.91,125.08,125.08,124.9,1673009400000,231,,0,,0,0,0,0,0,false
,12867,124.9597,0,125.02,124.9,125.02,124.9,1673009700000,204,,0,,0,0,0,0,0,false
,95964,124.8986,0,124.86,124.73,125.79,124.73,1673010000000,2175,,0,,0,0,0,0,0,false
,29563,124.7436,0,124.75,124.71,124.85,124.68,1673010300000,474,,0,,0,0,0,0,0,false
,39455,124.7887,0,124.76,124.79,124.9,124.7,1673010600000,534,,0,,0,0,0,0,0,false
,44072,124.6748,0,124.74,124.57,124.75,124.57,1673010900000,698,,0,,0,0,0,0,0,false
,61985,124.5005,0,124.57,124.59,124.61,124.4,1673011200000,1060,,0,,0,0,0,0,0,false
,27800,124.6659,0,124.6,124.6,124.8,124.55,1673011500000,487,,0,,0,0,0,0,0,false
,276449,125.6037,0,124.6,125.3,126.75,124.59,1673011800000,2952,,0,,0,0,0,0,0,false
,167938,125.3831,0,125.38,125.25,125.6099,125.13,1673012100000,2398,,0,,0,0,0,0,0,false
,111908,125.6046,0,125.27,125.73,125.84,125.21,1673012400000,1448,,0,,0,0,0,0,0,false
,197485,126.255,0,125.7,126.25,126.51,125.6801,1673012700000,2546,,0,,0,0,0,0,0,false
,174700,126.3801,0,126.25,126.43,126.6,126.23,1673013000000,1787,,0,,0,0,0,0,0,false
,87040,126.3319,0,126.43,126.4,126.5,126.18,1673013300000,1298,,0,,0,0,0,0,0,false
,88533,126.3847,0,126.39,126.38,126.52,126.25,1673013600000,1204,,0,,0,0,0,0,0,false
,129146,126.145,0,126.36,125.95,126.42,125.8,1673013900000,1796,,0,,0,0,0,0,0,false
,78818,125.8832,0,125.92,126.02,126.05,125.6935,1673014200000,1137,,0,,0,0,0,0,0,false
,86780,126.0774,0,126.01,125.94,126.3,125.9,1673014500000,1222,,0,,0,0,0,0,0,false
,106643,125.996,0,125.93,126.1,126.15,125.83,1673014800000,1356,,0,,0,0,0,0,0,false
,58723,126.0656,0,126.06,125.99,126.2,125.98,1673015100000,799,,0,,0,0,0,0,0,false
,2.987957E+06,126.2383,0,126.01,126.95,127.015,125.47,1673015400000,37161,,0,,0,0,0,0,0,false
,2.158327E+06,126.2801,0,126.9315,125.72,127.19,125.43,1673015700000,22232,,0,,0,0,0,0,0,false
,1.87335E+06,125.4196,0,125.7165,124.97,125.84,124.89,1673016000000,20403,,0,,0,0,0,0,0,false
,1.338407E+06,125.3033,0,124.96,125.4263,125.59,124.92,1673016300000,13324,,0,,0,0,0,0,0,false
,1.555073E+06,125.9412,0,125.43,126.2801,126.38,125.36,1673016600000,15703,,0,,0,0,0,0,0,false
,1.419035E+06,126.2638,0,126.28,125.8,126.69,125.8,1673016900000,12365,,0,,0,0,0,0,0,false
,2.163723E+06,126.564,0,125.8,126.06,127,125.8,1673017200000,20037,,0,,0,0,0,0,0,false
,1.512266E+06,126.7429,0,126.07,126.97,127.25,125.98,1673017500000,13536,,0,,0,0,0,0,0,false
,1.314596E+06,126.8952,0,126.985,126.785,127.1,126.64,1673017800000,12026,,0,,0,0,0,0,0,false
,1.341563E+06,127.0862,0,126.79,127.12,127.35,126.73,1673018100000,11451,,0,,0,0,0,0,0,false
,876859,126.8782,0,127.12,126.76,127.18,126.58,1673018400000,8566,,0,,0,0,0,0,0,false
,831005,126.4999,0,126.77,126.375,126.79,126.25,1673018700000,8526,,0,,0,0,0,0,0,false
,836543,126.6378,0,126.375,126.825,126.83,126.3401,1673019000000,7614,,0,,0,0,0,0,0,false
,1.006977E+06,127.1614,0,126.825,127.28,127.398,126.82,1673019300000,9233,,0,,0,0,0,0,0,false
,1.074392E+06,127.3307,0,127.278,127.05,127.5,127.02,1673019600000,9484,,0,,0,0,0,0,0,false
,729465,127.213,0,127.06,127.445,127.49,127.035,1673019900000,7458,,0,,0,0,0,0,0,false
,769386,127.4051,0,127.45,127.3893,127.5,127.28,1673020200000,7767,,0,,0,0,0,0,0,false
,931125,127.2736,0,127.385,127.41,127.51,127.075,1673020500000,8844,,0,,0,0,0,0,0,false
,925331,127.5063,0,127.445,127.65,127.66,127.31,1673020800000,8731,,0,,0,0,0,0,0,false
,1.524312E+06,127.7759,0,127.649,127.68,128.04,127.52,1673021100000,12693,,0,,0,0,0,0,0,false
,743591,127.5738,0,127.68,127.38,127.74,127.36,1673021400000,6906,,0,,0,0,0,0,0,false
,700816,127.3683,0,127.385,127.44,127.5,127.2011,1673021700000,6852,,0,,0,0,0,0,0,false
,573185,127.5476,0,127.44,127.63,127.646,127.4,1673022000000,5514,,0,,0,0,0,0,0,false
,766304,127.3123,0,127.625,127.245,127.625,127.16,1673022300000,7755,,0,,0,0,0,0,0,false
,792176,127.296,0,127.25,127.59,127.62,127.01,1673022600000,7471,,0,,0,0,0,0,0,false
,980441,127.4349,0,127.59,127.505,127.69,127.09,1673022900000,8329,,0,,0,0,0,0,0,false
,638940,127.3468,0,127.5099,127.35,127.58,127.21,1673023200000,5580,,0,,0,0,0,0,0,false
,622656,127.4753,0,127.36,127.56,127.6602,127.31,1673023500000,5629,,0,,0,0,0,0,0,false
,995409,127.8748,0,127.56,127.845,128,127.55,1673023800000,8057,,0,,0,0,0,0,0,false
,686563,127.912,0,127.845,127.88,128.02,127.82,1673024100000,6364,,0,,0,0,0,0,0,false
,761755,128.0271,0,127.8899,128.1576,128.17,127.88,1673024400000,7407,,0,,0,0,0,0,0,false
,859139,128.1955,0,128.16,128.175,128.35,128.02,1673024700000,7969,,0,,0,0,0,0,0,false
,581057,128.2242,0,128.1917,128.18,128.36,128.1259,1673025000000,5631,,0,,0,0,0,0,0,false
,632999,128.2878,0,128.185,128.36,128.45,128.11,1673025300000,6044,,0,,0,0,0,0,0,false
,580017,128.226,0,128.37,128.0799,128.39,128.01,1673025600000,5165,,0,,0,0,0,0,0,false
,774759,128.2989,0,128.07,128.3299,128.48,128.06,1673025900000,5935,,0,,0,0,0,0,0,false
,584241,128.2763,0,128.3217,128.16,128.39,128.14,1673026200000,5562,,0,,0,0,0,0,0,false
,886490,128.2025,0,128.16,128.3101,128.345,128.11,1673026500000,4636,,0,,0,0,0,0,0,false
,547973,128.1089,0,128.315,128.095,128.33,128.03,1673026800000,4450,,0,,0,0,0,0,0,false
,487208,128.133,0,128.0991,128.095,128.2,128.06,1673027100000,3819,,0,,0,0,0,0,0,false
,430339,128.0066,0,128.09,127.975,128.13,127.891,1673027400000,4702,,0,,0,0,0,0,0,false
,539415,127.9061,0,127.97,127.96,128,127.78,1673027700000,4997,,0,,0,0,0,0,0,false
,887552,127.9368,0,127.96,128.02,128.04,127.89,1673028000000,4729,,0,,0,0,0,0,0,false
,534700,128.1495,0,128.02,128.125,128.25,128.02,1673028300000,4912,,0,,0,0,0,0,0,false
,469136,128.2108,0,128.125,128.1893,128.3,128.08,1673028600000,4234,,0,,0,0,0,0,0,false
,383769,128.1705,0,128.185,128.125,128.25,128.06,1673028900000,4066,,0,,0,0,0,0,0,false
,424863,128.1924,0,128.1216,128.21,128.2799,128.11,1673029200000,3569,,0,,0,0,0,0,0,false
,465347,128.3022,0,128.215,128.25,128.4,128.18,1673029500000,4336,,0,,0,0,0,0,0,false
,471931,128.3804,0,128.24,128.48,128.48,128.24,1673029800000,4959,,0,,0,0,0,0,0,false
,795059,128.5312,0,128.48,128.555,128.65,128.42,1673030100000,6849,,0,,0,0,0,0,0,false
,658236,128.6467,0,128.55,128.63,128.76,128.55,1673030400000,5491,,0,,0,0,0,0,0,false
,563338,128.655,0,128.625,128.62,128.68,128.53,1673030700000,4112,,0,,0,0,0,0,0,false
,308776,128.5892,0,128.62,128.6209,128.65,128.53,1673031000000,3216,,0,,0,0,0,0,0,false
,750635,128.7646,0,128.6201,128.845,128.88,128.585,1673031300000,5980,,0,,0,0,0,0,0,false
,681762,128.885,0,128.85,128.945,128.98,128.8,1673031600000,5622,,0,,0,0,0,0,0,false
,625724,128.9073,0,128.94,128.9315,128.99,128.7833,1673031900000,5750,,0,,0,0,0,0,0,false
,885821,129.1163,0,128.94,129.159,129.24,128.92,1673032200000,8028,,0,,0,0,0,0,0,false
,851671,129.231,0,129.16,129.27,129.35,129.115,1673032500000,6817,,0,,0,0,0,0,0,false
,915177,129.4544,0,129.27,129.53,129.55,129.26,1673032800000,7032,,0,,0,0,0,0,0,false
,710709,129.3882,0,129.52,129.335,129.5299,129.275,1673033100000,5707,,0,,0,0,0,0,0,false
,675387,129.3842,0,129.34,129.445,129.5,129.305,1673033400000,5541,,0,,0,0,0,0,0,false
,934857,129.6321,0,129.45,129.79,129.8,129.41,1673033700000,7136,,0,,0,0,0,0,0,false
,870840,129.7102,0,129.785,129.77,129.86,129.605,1673034000000,6971,,0,,0,0,0,0,0,false
,843689,129.7578,0,129.78,129.78,129.88,129.61,1673034300000,6952,,0,,0,0,0,0,0,false
,894151,129.8351,0,129.775,129.99,129.99,129.64,1673034600000,7697,,0,,0,0,0,0,0,false
,591651,129.9343,0,129.98,129.8491,129.99,129.825,1673034900000,6872,,0,,0,0,0,0,0,false
,1.377524E+06,130.056,0,129.85,130.2,130.29,129.81,1673035200000,12393,,0,,0,0,0,0,0,false
,921832,130.1688,0,130.2017,130.1899,130.28,130.02,1673035500000,8528,,0,,0,0,0,0,0,false
,1.002005E+06,130.0011,0,130.1899,129.995,130.21,129.8649,1673035800000,7991,,0,,0,0,0,0,0,false
,805647,129.9589,0,130,129.915,130.115,129.79,1673036100000,7503,,0,,0,0,0,0,0,false
,872012,129.8577,0,129.91,129.9348,129.97,129.72,1673036400000,8518,,0,,0,0,0,0,0,false
,770064,129.7849,0,129.9342,129.81,129.9382,129.7,1673036700000,7314,,0,,0,0,0,0,0,false
,996764,129.9422,0,129.815,129.97,130.05,129.81,1673037000000,9492,,0,,0,0,0,0,0,false
,886029,129.8965,0,129.97,129.86,130.02,129.755,1673037300000,7571,,0,,0,0,0,0,0,false
,993451,129.8849,0,129.85,129.8,130,129.79,1673037600000,8105,,0,,0,0,0,0,0,false
,955672,129.8701,0,129.8,129.7699,129.97,129.76,1673037900000,9116,,0,,0,0,0,0,0,false
,2.281418E+06,129.6659,0,129.76,129.59,129.81,129.48,1673038200000,19736,,0,,0,0,0,0,0,false
,3.823205E+06,129.4901,0,129.59,129.5,129.8,129.34,1673038500000,29367,,0,,0,0,0,0,0,false
,1.842507E+06,129.5965,0,129.49,129.22,129.66,129.18,1673038800000,1166,,0,,0,0,0,0,0,false
,203726,129.5548,0,129.26,129.27,129.62,129.23,1673039100000,361,,0,,0,0,0,0,0,false
,142120,129.5867,0,129.275,129.27,129.62,129.25,1673039400000,219,,0,,0,0,0,0,0,false
,26882,129.4242,0,129.3,129.32,129.62,129.29,1673039700000,189,,0,,0,0,0,0,0,false
,16430,129.2411,0,129.32,129.33,129.35,129.3,1673040000000,227,,0,,0,0,0,0,0,false
,14416,129.287,0,129.33,129.28,129.3391,129.25,1673040300000,225,,0,,0,0,0,0,0,false
,24237,129.274,0,129.27,129.26,129.34,129.22,1673040600000,301,,0,,0,0,0,0,0,false
,53903,129.5575,0,129.26,129.3,129.62,129.25,1673040900000,118,,0,,0,0,0,0,0,false
,14067,129.3142,0,129.3,129.32,129.34,129.25,1673041200000,193,,0,,0,0,0,0,0,false
,10255,129.3432,0,129.3011,129.34,129.38,129.3,1673041500000,157,,0,,0,0,0,0,0,false
,13480,129.3469,0,129.34,129.35,129.37,129.32,1673041800000,231,,0,,0,0,0,0,0,false
,8217,129.3412,0,129.33,129.341,129.37,129.33,1673042100000,90,,0,,0,0,0,0,0,false
,9487,128.9,0,129.32,129.24,129.32,129.24,1673042400000,124,,0,,0,0,0,0,0,false
,691853,129.6189,0,129.27,129.27,129.31,129.26,1673042700000,93,,0,,0,0,0,0,0,false
,545,129.287,0,129.3,129.27,129.3,129.27,1673043000000,9,,0,,0,0,0,0,0,false
,4078,129.2718,0,129.3,129.27,129.3,129.27,1673043300000,78,,0,,0,0,0,0,0,false
,7945,129.2717,0,129.26,129.35,129.35,129.24,1673043600000,120,,0,,0,0,0,0,0,false
,2788,129.3267,0,129.2716,129.32,129.34,129.2716,1673043900000,71,,0,,0,0,0,0,0,false
,2226,129.3197,0,129.32,129.31,129.33,129.31,1673044200000,65,,0,,0,0,0,0,0,false
,4800,129.309,0,129.34,129.3,129.3499,129.26,1673044500000,59,,0,,0,0,0,0,0,false
,4831,129.2987,0,129.32,129.32,129.33,129.2659,1673044800000,92,,0,,0,0,0,0,0,false
,2615,129.2733,0,129.32,129.26,129.32,129.26,1673045100000,50,,0,,0,0,0,0,0,false
,5028,129.298,0,129.29,129.2819,129.32,129.27,1673045400000,75,,0,,0,0,0,0,0,false
,1444,129.3153,0,129.32,129.32,129.32,129.2868,1673045700000,40,,0,,0,0,0,0,0,false
,308,129.293,0,129.29,129.29,129.29,129.29,1673046000000,14,,0,,0,0,0,0,0,false
,3474,129.3327,0,129.32,129.33,129.3499,129.32,1673046300000,63,,0,,0,0,0,0,0,false
,961,129.3299,0,129.33,129.33,129.34,129.32,1673046600000,44,,0,,0,0,0,0,0,false
,965,129.3172,0,129.3299,129.31,129.33,129.31,1673046900000,43,,0,,0,0,0,0,0,false
,3181,129.3157,0,129.34,129.33,129.34,129.3,1673047200000,61,,0,,0,0,0,0,0,false
,5553,129.3441,0,129.34,129.36,129.36,129.32,1673047500000,90,,0,,0,0,0,0,0,false
,2002,129.3172,0,129.32,129.31,129.33,129.31,1673047800000,42,,0,,0,0,0,0,0,false
,2025,129.3406,0,129.33,129.35,129.35,129.33,1673048100000,40,,0,,0,0,0,0,0,false
,830,129.3622,0,129.36,129.38,129.38,129.36,1673048400000,32,,0,,0,0,0,0,0,false
,2068,129.3521,0,129.35,129.3601,129.3601,129.34,1673048700000,46,,0,,0,0,0,0,0,false
,3787,129.3545,0,129.36,129.36,129.37,129.35,1673049000000,47,,0,,0,0,0,0,0,false
,2821,129.3601,0,129.36,129.35,129.37,129.35,1673049300000,42,,0,,0,0,0,0,0,false
,1155,129.3659,0,129.37,129.35,129.37,129.35,1673049600000,26,,0,,0,0,0,0,0,false
,2588,129.365,0,129.35,129.38,129.38,129.35,1673049900000,55,,0,,0,0,0,0,0,false
,286,129.3661,0,129.37,129.36,129.37,129.36,1673050200000,10,,0,,0,0,0,0,0,false
,1606,129.3612,0,129.365,129.35,129.37,129.35,1673050500000,53,,0,,0,0,0,0,0,false
,614,129.3599,0,129.3501,129.37,129.37,129.3501,1673050800000,31,,0,,0,0,0,0,0,false
,3323,129.3509,0,129.35,129.35,129.35,129.35,1673051100000,36,,0,,0,0,0,0,0,false
,4358,129.3389,0,129.37,129.34,129.37,129.3,1673051400000,82,,0,,0,0,0,0,0,false
,4437,129.2887,0,129.3,129.28,129.3,129.28,1673051700000,69,,0,,0,0,0,0,0,false
,1054,129.2894,0,129.29,129.29,129.29,129.29,1673052000000,11,,0,,0,0,0,0,0,false
,3043,129.2834,0,129.28,129.28,129.29,129.28,1673052300000,32,,0,,0,0,0,0,0,false
,5543,129.2857,0,129.28,129.28,129.3012,129.27,1673052600000,62,,0,,0,0,0,0,0,false
,13287,129.2843,0,129.29,129.26,129.35,129.26,1673052900000,141,,0,,0,0,0,0,0,false
,15363,129.849,0,129.6,129.99,130.3,129.6,1673254800000,364,,0,,0,0,0,0,0,false
,13603,130.0603,0,130.08,129.95,130.17,129.9,1673255100000,291,,0,,0,0,0,0,0,false
,3064,129.979,0,129.9,130,130.02,129.9,1673255400000,113,,0,,0,0,0,0,0,false
,2519,130.205,0,130.22,130.19,130.23,130.19,1673255700000,73,,0,,0,0,0,0,0,false
,5038,130.2103,0,130.24,130.15,130.25,130.15,1673256000000,131,,0,,0,0,0,0,0,false
,7838,130.2531,0,130.2,130.2,130.33,130.2,1673256300000,207,,0,,0,0,0,0,0,false
,1832,130.2074,0,130.2,130.24,130.24,130.19,1673256600000,41,,0,,0,0,0,0,0,false
,1813,130.2131,0,130.25,130.19,130.25,130.19,1673256900000,59,,0,,0,0,0,0,0,false
,3966,130.2565,0,130.2,130.3,130.3,130.2,1673257200000,114,,0,,0,0,0,0,0,false
,3713,130.4049,0,130.3,130.47,130.47,130.3,1673257500000,86,,0,,0,0,0,0,0,false
,12772,130.4084,0,130.48,130.33,130.5,130.3,1673257800000,206,,0,,0,0,0,0,0,false
,2954,130.3244,0,130.35,130.29,130.35,130.29,1673258100000,79,,0,,0,0,0,0,0,false
,4000,130.2353,0,130.26,130.2,130.26,130.2,1673258400000,157,,0,,0,0,0,0,0,false
,1430,130.2343,0,130.23,130.22,130.27,130.21,1673258700000,58,,0,,0,0,0,0,0,false
,1222,130.3323,0,130.33,130.35,130.35,130.3,1673259000000,39,,0,,0,0,0,0,0,false
,3522,130.3342,0,130.35,130.42,130.42,130.3,1673259300000,93,,0,,0,0,0,0,0,false
,3234,130.4644,0,130.45,130.44,130.49,130.44,1673259600000,65,,0,,0,0,0,0,0,false
,4990,130.4446,0,130.44,130.35,130.5,130.35,1673259900000,146,,0,,0,0,0,0,0,false
,5077,130.2853,0,130.4,130.2,130.4,130.2,1673260200000,150,,0,,0,0,0,0,0,false
,1046,130.3096,0,130.26,130.35,130.35,130.26,1673260500000,42,,0,,0,0,0,0,0,false
,1630,130.2367,0,130.27,130.17,130.27,130.17,1673260800000,62,,0,,0,0,0,0,0,false
,235,130.1834,0,130.18,130.18,130.18,130.18,1673261100000,9,,0,,0,0,0,0,0,false
,2493,130.1435,0,130.17,130.19,130.19,130.15,1673261400000,96,,0,,0,0,0,0,0,false
,1900,130.2307,0,130.24,130.25,130.25,130.2,1673261700000,62,,0,,0,0,0,0,0,false
,2615,130.2836,0,130.21,130.34,130.35,130.21,1673262000000,74,,0,,0,0,0,0,0,false
,1496,130.2982,0,130.3,130.28,130.34,130.28,1673262300000,29,,0,,0,0,0,0,0,false
,3642,130.1848,0,130.25,130.16,130.25,130.15,1673262600000,103,,0,,0,0,0,0,0,false
,2827,130.1616,0,130.17,130.12,130.18,130.12,1673262900000,127,,0,,0,0,0,0,0,false
,4445,130.0909,0,130.12,130.19,130.19,130.02,1673263200000,146,,0,,0,0,0,0,0,false
,1296,130.1837,0,130.18,130.15,130.2,130.15,1673263500000,47,,0,,0,0,0,0,0,false
,1209,130.1233,0,130.11,130.11,130.11,130.11,1673263800000,56,,0,,0,0,0,0,0,false
,887,130.1712,0,130.17,130.17,130.17,130.17,1673264100000,18,,0,,0,0,0,0,0,false
,1576,130.1431,0,130.14,130.15,130.15,130.14,1673264400000,48,,0,,0,0,0,0,0,false
,501,130.1671,0,130.16,130.18,130.18,130.16,1673264700000,20,,0,,0,0,0,0,0,false
,2501,130.2785,0,130.24,130.3,130.32,130.24,1673265000000,59,,0,,0,0,0,0,0,false
,8948,130.2835,0,130.3,130.22,130.32,130.22,1673265300000,191,,0,,0,0,0,0,0,false
,32099,130.2822,0,130.25,130.35,130.35,130.16,1673265600000,529,,0,,0,0,0,0,0,false
,19647,130.2855,0,130.35,130.26,130.36,130.26,1673265900000,229,,0,,0,0,0,0,0,false
,11661,130.2586,0,130.22,130.27,130.3,130.21,1673266200000,177,,0,,0,0,0,0,0,false
,7245,130.2453,0,130.27,130.26,130.27,130.21,1673266500000,152,,0,,0,0,0,0,0,false
,7962,130.2386,0,130.24,130.24,130.27,130.22,1673266800000,143,,0,,0,0,0,0,0,false
,12411,130.218,0,130.23,130.2,130.24,130.2,1673267100000,169,,0,,0,0,0,0,0,false
,15092,130.2871,0,130.19,130.3,130.34,130.19,1673267400000,236,,0,,0,0,0,0,0,false
,12176,130.3568,0,130.3,130.36,130.4,130.3,1673267700000,222,,0,,0,0,0,0,0,false
,8678,130.302,0,130.32,130.28,130.33,130.25,1673268000000,267,,0,,0,0,0,0,0,false
,8961,130.3003,0,130.28,130.25,130.34,130.25,1673268300000,265,,0,,0,0,0,0,0,false
,10055,130.2219,0,130.23,130.25,130.25,130.19,1673268600000,185,,0,,0,0,0,0,0,false
,3834,130.2489,0,130.24,130.25,130.27,130.24,1673268900000,110,,0,,0,0,0,0,0,false
,84470,130.2478,0,130.2,130.08,130.63,130.08,1673269200000,2122,,0,,0,0,0,0,0,false
,34177,130.0096,0,130.0548,130.06,130.06,129.955,1673269500000,840,,0,,0,0,0,0,0,false
,13320,130.0831,0,130.055,130.12,130.14,130.02,1673269800000,292,,0,,0,0,0,0,0,false
,21810,130.1844,0,130.11,130.25,130.26,130.11,1673270100000,358,,0,,0,0,0,0,0,false
,55023,130.2105,0,130.27,130.3,130.41,130.24,1673270400000,639,,0,,0,0,0,0,0,false
,32097,130.3014,0,130.29,130.32,130.34,130.25,1673270700000,458,,0,,0,0,0,0,0,false
,53379,130.4146,0,130.34,130.45,130.5,130.28,1673271000000,838,,0,,0,0,0,0,0,false
,23176,130.3891,0,130.45,130.31,130.45,130.31,1673271300000,535,,0,,0,0,0,0,0,false
,31638,130.3279,0,130.31,130.29,130.42,130.23,1673271600000,558,,0,,0,0,0,0,0,false
,19789,130.3322,0,130.32,130.26,130.37,130.25,1673271900000,385,,0,,0,0,0,0,0,false
,19743,130.3153,0,130.32,130.3,130.35,130.26,1673272200000,368,,0,,0,0,0,0,0,false
,39366,130.2742,0,130.33,130.2,130.33,130.2,1673272500000,636,,0,,0,0,0,0,0,false
,22488,130.2137,0,130.24,130.28,130.32,130.13,1673272800000,585,,0,,0,0,0,0,0,false
,16171,130.2642,0,130.2917,130.23,130.32,130.21,1673273100000,486,,0,,0,0,0,0,0,false
,19282,130.2468,0,130.25,130.27,130.29,130.211,1673273400000,457,,0,,0,0,0,0,0,false
,32185,130.2776,0,130.3,130.31,130.36,130.223,1673273700000,517,,0,,0,0,0,0,0,false
,45321,130.429,0,130.35,130.52,130.57,130.29,1673274000000,704,,0,,0,0,0,0,0,false
,59327,130.3513,0,130.45,130.52,130.54,130.21,1673274300000,908,,0,,0,0,0,0,0,false
,3.119913E+06,130.913,0,130.465,131.12,131.44,130.465,1673274600000,54724,,0,,0,0,0,0,0,false
,1.292566E+06,130.8879,0,131.115,130.98,131.18,130.66,1673274900000,28254,,0,,0,0,0,0,0,false
,1.47539E+06,130.8787,0,130.9721,131.05,131.14,130.53,1673275200000,13258,,0,,0,0,0,0,0,false
,1.490877E+06,131.3964,0,131.05,131.36,131.75,130.53,1673275500000,15350,,0,,0,0,0,0,0,false
,1.285626E+06,131.5222,0,131.3512,131.7,131.7471,131.28,1673275800000,13177,,0,,0,0,0,0,0,false
,1.31843E+06,131.839,0,131.7008,132.015,132.06,131.59,1673276100000,14371,,0,,0,0,0,0,0,false
,1.284119E+06,132.1783,0,132.01,132.1899,132.32,132.01,1673276400000,13413,,0,,0,0,0,0,0,false
,1.411706E+06,132.1889,0,132.18,132.295,132.3542,131.3218,1673276700000,12840,,0,,0,0,0,0,0,false
,1.246933E+06,132.3653,0,132.295,132.13,132.63,132.09,1673277000000,13169,,0,,0,0,0,0,0,false
,1.020314E+06,132.1421,0,132.145,132.035,132.31,131.96,1673277300000,10032,,0,,0,0,0,0,0,false
,1.149285E+06,132.2486,0,132.04,132.48,132.51,131.98,1673277600000,9327,,0,,0,0,0,0,0,false
,1.311746E+06,132.5451,0,132.475,132.565,132.735,132.31,1673277900000,10612,,0,,0,0,0,0,0,false
,889559,132.6271,0,132.575,132.6305,132.75,132.4636,1673278200000,7990,,0,,0,0,0,0,0,false
,914085,132.7335,0,132.63,132.7684,132.835,132.56,1673278500000,8751,,0,,0,0,0,0,0,false
,722550,132.7122,0,132.765,132.735,132.8375,132.6088,1673278800000,7098,,0,,0,0,0,0,0,false
,1.088753E+06,132.9591,0,132.73,133.055,133.14,132.72,1673279100000,10597,,0,,0,0,0,0,0,false
,826724,132.9679,0,133.05,132.9588,133.12,132.82,1673279400000,7109,,0,,0,0,0,0,0,false
,841415,132.8314,0,132.955,132.74,133.02,132.66,1673279700000,7347,,0,,0,0,0,0,0,false
,826751,132.8293,0,132.74,132.9167,133.01,132.67,1673280000000,7621,,0,,0,0,0,0,0,false
,1.080302E+06,133.1548,0,132.91,133.275,133.34,132.885,1673280300000,9406,,0,,0,0,0,0,0,false
,772883,133.2065,0,133.28,133.2101,133.3,133.11,1673280600000,6505,,0,,0,0,0,0,0,false
,903820,133.2391,0,133.23,133.095,133.41,133.06,1673280900000,7573,,0,,0,0,0,0,0,false
,747259,133.0537,0,133.1,133.115,133.15,132.97,1673281200000,6459,,0,,0,0,0,0,0,false
,715087,133.1352,0,133.11,133.085,133.24,133.01,1673281500000,6591,,0,,0,0,0,0,0,false
,888561,133.0012,0,133.09,132.8899,133.18,132.85,1673281800000,7010,,0,,0,0,0,0,0,false
,582810,132.9224,0,132.88,132.84,133.03,132.8,1673282100000,5627,,0,,0,0,0,0,0,false
,569150,132.8951,0,132.845,132.97,133,132.8,1673282400000,5696,,0,,0,0,0,0,0,false
,458142,132.9489,0,132.9679,132.915,133.0289,132.81,1673282700000,4753,,0,,0,0,0,0,0,false
,657633,133.0297,0,132.92,133.08,133.12,132.88,1673283000000,6442,,0,,0,0,0,0,0,false
,528015,132.968,0,133.06,132.945,133.08,132.85,1673283300000,5249,,0,,0,0,0,0,0,false
,583598,132.7887,0,132.94,132.78,132.955,132.68,1673283600000,5615,,0,,0,0,0,0,0,false
,523725,132.694,0,132.79,132.71,132.815,132.57,1673283900000,5144,,0,,0,0,0,0,0,false
,490225,132.7971,0,132.71,132.82,132.87,132.71,1673284200000,4729,,0,,0,0,0,0,0,false
,503052,132.7504,0,132.8101,132.78,132.8415,132.6,1673284500000,4680,,0,,0,0,0,0,0,false
,445983,132.7443,0,132.785,132.7668,132.82,132.655,1673284800000,4172,,0,,0,0,0,0,0,false
,411250,132.7406,0,132.7601,132.745,132.835,132.65,1673285100000,3953,,0,,0,0,0,0,0,false
,328833,132.7458,0,132.74,132.67,132.83,132.66,1673285400000,3771,,0,,0,0,0,0,0,false
,531799,132.5419,0,132.672,132.4184,132.705,132.41,1673285700000,5421,,0,,0,0,0,0,0,false
,476515,132.3521,0,132.42,132.26,132.42,132.25,1673286000000,5087,,0,,0,0,0,0,0,false
,1.396574E+06,132.4184,0,132.26,132.43,132.53,132.255,1673286300000,5502,,0,,0,0,0,0,0,false
,323683,132.4255,0,132.43,132.425,132.5,132.38,1673286600000,3901,,0,,0,0,0,0,0,false
,326154,132.4122,0,132.428,132.459,132.49,132.34,1673286900000,3419,,0,,0,0,0,0,0,false
,494034,132.5219,0,132.46,132.39,132.64,132.38,1673287200000,4588,,0,,0,0,0,0,0,false
,420613,132.4165,0,132.3999,132.355,132.5199,132.32,1673287500000,4263,,0,,0,0,0,0,0,false
,463546,132.3389,0,132.35,132.42,132.43,132.26,1673287800000,4808,,0,,0,0,0,0,0,false
,384570,132.4564,0,132.4201,132.4501,132.5599,132.37,1673288100000,4175,,0,,0,0,0,0,0,false
,382690,132.4999,0,132.4507,132.535,132.569,132.425,1673288400000,3795,,0,,0,0,0,0,0,false
,439793,132.4238,0,132.53,132.495,132.53,132.35,1673288700000,4548,,0,,0,0,0,0,0,false
,556917,132.3015,0,132.495,132.11,132.5101,132.11,1673289000000,6081,,0,,0,0,0,0,0,false
,770124,131.9724,0,132.11,131.9789,132.12,131.84,1673289300000,8021,,0,,0,0,0,0,0,false
,822938,131.7337,0,131.97,131.62,132.005,131.57,1673289600000,7142,,0,,0,0,0,0,0,false
,1.000031E+06,131.4706,0,131.62,131.4639,131.625,131.24,1673289900000,7307,,0,,0,0,0,0,0,false
,761537,131.3652,0,131.45,131.31,131.47,131.2701,1673290200000,5473,,0,,0,0,0,0,0,false
,693725,131.305,0,131.3,131.395,131.43,131.19,1673290500000,6269,,0,,0,0,0,0,0,false
,798205,131.6104,0,131.39,131.58,131.726,131.38,1673290800000,6604,,0,,0,0,0,0,0,false
,813314,131.4591,0,131.575,131.4718,131.59,131.2411,1673291100000,7404,,0,,0,0,0,0,0,false
,751795,131.4479,0,131.47,131.47,131.55,131.27,1673291400000,6466,,0,,0,0,0,0,0,false
,641336,131.5112,0,131.465,131.54,131.6,131.41,1673291700000,5697,,0,,0,0,0,0,0,false
,518890,131.5762,0,131.5415,131.61,131.66,131.495,1673292000000,4524,,0,,0,0,0,0,0,false
,652759,131.5131,0,131.6099,131.495,131.63,131.3,1673292300000,5657,,0,,0,0,0,0,0,false
,531428,131.4234,0,131.49,131.359,131.5667,131.245,1673292600000,5019,,0,,0,0,0,0,0,false
,633644,131.1582,0,131.35,131.01,131.3786,131,1673292900000,6005,,0,,0,0,0,0,0,false
,562121,131.0307,0,131.0101,131.09,131.135,130.95,1673293200000,5722,,0,,0,0,0,0,0,false
,512560,131.0212,0,131.09,130.96,131.15,130.865,1673293500000,5218,,0,,0,0,0,0,0,false
,484270,131.0388,0,130.95,131.0837,131.16,130.91,1673293800000,4794,,0,,0,0,0,0,0,false
,612447,130.8554,0,131.085,130.67,131.09,130.59,1673294100000,6397,,0,,0,0,0,0,0,false
,524010,130.6816,0,130.68,130.711,130.7711,130.59,1673294400000,5251,,0,,0,0,0,0,0,false
,608877,130.6897,0,130.72,130.7,130.82,130.515,1673294700000,5618,,0,,0,0,0,0,0,false
,618950,130.5338,0,130.6914,130.37,130.7375,130.36,1673295000000,6515,,0,,0,0,0,0,0,false
,613609,130.4566,0,130.3661,130.495,130.55,130.34,1673295300000,5547,,0,,0,0,0,0,0,false
,639601,130.6136,0,130.5,130.5435,130.7,130.47,1673295600000,5456,,0,,0,0,0,0,0,false
,520094,130.5008,0,130.54,130.445,130.5799,130.391,1673295900000,5059,,0,,0,0,0,0,0,false
,835978,130.3385,0,130.45,130.37,130.495,130.16,1673296200000,7579,,0,,0,0,0,0,0,false
,516256,130.3527,0,130.37,130.275,130.655,130.2518,1673296500000,5416,,0,,0,0,0,0,0,false
,665106,130.4154,0,130.28,130.5,130.57,130.21,1673296800000,6546,,0,,0,0,0,0,0,false
,851529,130.2296,0,130.51,130.17,130.52,130.04,1673297100000,7983,,0,,0,0,0,0,0,false
,1.117228E+06,130.1799,0,130.18,130.21,130.3299,130.01,1673297400000,10839,,0,,0,0,0,0,0,false
,2.129822E+06,130.083,0,130.215,130.19,130.22,129.89,1673297700000,19549,,0,,0,0,0,0,0,false
,1.904376E+06,130.1495,0,130.18,130.06,130.18,130.04,1673298000000,428,,0,,0,0,0,0,0,false
,11787,130.0942,0,130.09,130.12,130.12,130.04,1673298300000,217,,0,,0,0,0,0,0,false
,30707,130.1443,0,130.15,130.15,130.16,130.11,1673298600000,202,,0,,0,0,0,0,0,false
,53565,131.2762,0,130.14,130.05,131.709,130.05,1673298900000,227,,0,,0,0,0,0,0,false
,10258,130.0691,0,130.05,130.05,130.09,130.05,1673299200000,106,,0,,0,0,0,0,0,false
,295816,130.1479,0,130.09,130.06,130.12,130.04,1673299500000,192,,0,,0,0,0,0,0,false
,8334,130.0727,0,130.09,130.06,130.1,130.04,1673299800000,123,,0,,0,0,0,0,0,false
,9491,130.1172,0,130.08,130.08,130.15,130.08,1673300100000,134,,0,,0,0,0,0,0,false
,888,130.0954,0,130.1,130.0817,130.1,130.0811,1673300400000,57,,0,,0,0,0,0,0,false
,1794,130.1129,0,130.11,130.11,130.11,130.11,1673300700000,26,,0,,0,0,0,0,0,false
,2271,130.1333,0,130.13,130.13,130.14,130.12,1673301000000,125,,0,,0,0,0,0,0,false
,646,130.1034,0,130.1,130.1,130.1,130.1,1673301300000,31,,0,,0,0,0,0,0,false
,2074,130.1021,0,130.12,130.08,130.12,130.08,1673301600000,57,,0,,0,0,0,0,0,false
,4037,130.0632,0,130.11,130.06,130.11,130.03,1673302200000,71,,0,,0,0,0,0,0,false
,5034,130.0537,0,130.06,130.07,130.07,130.0499,1673302500000,46,,0,,0,0,0,0,0,false
,4241,130.0513,0,130.05,130.04,130.07,130.04,1673302800000,63,,0,,0,0,0,0,0,false
,85729,130.1446,0,130.09,130.07,130.15,130.0315,1673303100000,101,,0,,0,0,0,0,0,false
,1050,130.0559,0,130.04,130.06,130.08,130.04,1673303400000,66,,0,,0,0,0,0,0,false
,202,130.0574,0,130.0699,130.0699,130.0699,130.0699,1673303700000,22,,0,,0,0,0,0,0,false
,3472,130.0413,0,130.04,130.06,130.06,130.03,1673304000000,60,,0,,0,0,0,0,0,false
,745,130.055,0,130.06,130.05,130.06,130.04,1673304300000,64,,0,,0,0,0,0,0,false
,3670,130.0402,0,130.04,130.04,130.04,130.04,1673304600000,108,,0,,0,0,0,0,0,false
,701,130.0476,0,130.05,130.04,130.05,130.04,1673304900000,151,,0,,0,0,0,0,0,false
,5160,130.0448,0,130.05,130.01,130.07,130.01,1673305200000,88,,0,,0,0,0,0,0,false
,32487,130.0131,0,130.01,130.03,130.04,129.95,1673305500000,249,,0,,0,0,0,0,0,false
,4883,130.0157,0,130.02,129.99,130.05,129.99,1673305800000,201,,0,,0,0,0,0,0,false
,1094,129.9886,0,130,129.97,130,129.97,1673306100000,132,,0,,0,0,0,0,0,false
,2605,129.9845,0,129.96,130,130,129.96,1673306400000,77,,0,,0,0,0,0,0,false
,353,130.0502,0,130.06,130.06,130.06,130.06,1673306700000,14,,0,,0,0,0,0,0,false
,2056,130.0483,0,130.05,130.05,130.05,130,1673307000000,58,,0,,0,0,0,0,0,false
,2607,130.0316,0,130.05,130.03,130.05,130.01,1673307300000,56,,0,,0,0,0,0,0,false
,2600,130.0321,0,130.03,130.03,130.05,130.03,1673307600000,29,,0,,0,0,0,0,0,false
,5376,130.0407,0,130.03,130.05,130.06,130.02,1673307900000,171,,0,,0,0,0,0,0,false
,1505,130.0245,0,130.02,130.02,130.03,130.02,1673308200000,35,,0,,0,0,0,0,0,false
,2357,130.0324,0,130.05,130.04,130.05,130.01,1673308500000,39,,0,,0,0,0,0,0,false
,1837,130.013,0,130.01,130.04,130.04,130.01,1673308800000,25,,0,,0,0,0,0,0,false
,2867,130.0048,0,130.02,130,130.04,130,1673309100000,74,,0,,0,0,0,0,0,false
,5517,130.0048,0,130.03,129.99,130.03,129.99,1673309400000,80,,0,,0,0,0,0,0,false
,29416,129.9689,0,129.99,129.93,130,129.88,1673309700000,250,,0,,0,0,0,0,0,false
,7200,129.9012,0,129.93,129.86,129.94,129.85,1673310000000,151,,0,,0,0,0,0,0,false
,6768,129.7942,0,129.82,129.8,129.82,129.77,1673310300000,148,,0,,0,0,0,0,0,false
,7985,129.7948,0,129.78,129.81,129.83,129.78,1673310600000,99,,0,,0,0,0,0,0,false
,4083,129.8113,0,129.8,129.81,129.84,129.8,1673310900000,67,,0,,0,0,0,0,0,false
,2491,129.7813,0,129.79,129.77,129.79,129.77,1673311200000,78,,0,,0,0,0,0,0,false
,5680,129.7766,0,129.76,129.78,129.8,129.76,1673311500000,90,,0,,0,0,0,0,0,false
,6861,129.7961,0,129.8,129.8,129.81,129.77,1673311800000,91,,0,,0,0,0,0,0,false
,6374,129.817,0,129.81,129.85,129.85,129.8,1673312100000,155,,0,,0,0,0,0,0,false
,8626,130.0191,0,130.02,130,130.16,129.84,1673341200000,220,,0,,0,0,0,0,0,false
,3663,129.9719,0,129.96,130,130,129.92,1673341500000,94,,0,,0,0,0,0,0,false
,3636,129.974,0,130,129.93,130,129.93,1673341800000,106,,0,,0,0,0,0,0,false
,10965,129.9939,0,129.95,129.98,130.05,129.95,1673342100000,113,,0,,0,0,0,0,0,false
,3648,130.0217,0,130.03,130.03,130.05,129.97,1673342400000,108,,0,,0,0,0,0,0,false
,7733,130.0297,0,130.02,130.03,130.03,130.02,1673342700000,11,,0,,0,0,0,0,0,false
,201,130.0569,0,130.05,130.05,130.05,130.05,1673343000000,15,,0,,0,0,0,0,0,false
,1790,130.2246,0,130.15,130.28,130.28,130.15,1673343300000,29,,0,,0,0,0,0,0,false
,3484,130.2236,0,130.27,130.21,130.28,130.17,1673343600000,54,,0,,0,0,0,0,0,false
,1866,130.1329,0,130.12,130.15,130.17,130.1,1673343900000,35,,0,,0,0,0,0,0,false
,923,130.1573,0,130.15,130.15,130.15,130.15,1673344200000,19,,0,,0,0,0,0,0,false
,828,130.1242,0,130.13,130.13,130.13,130.11,1673344500000,35,,0,,0,0,0,0,0,false
,2100,130.1737,0,130.17,130.14,130.19,130.14,1673344800000,56,,0,,0,0,0,0,0,false
,2308,130.1454,0,130.15,130.15,130.16,130.1,1673345100000,49,,0,,0,0,0,0,0,false
,919,130.1356,0,130.15,130.1,130.16,130.1,1673345400000,29,,0,,0,0,0,0,0,false
,1678,130.1016,0,130.11,130.1,130.11,130.1,1673345700000,56,,0,,0,0,0,0,0,false
,1105,130.1577,0,130.15,130.15,130.15,130.15,1673346000000,16,,0,,0,0,0,0,0,false
,782,130.1463,0,130.15,130.14,130.15,130.14,1673346300000,31,,0,,0,0,0,0,0,false
,632,130.2524,0,130.23,130.26,130.26,130.23,1673346600000,23,,0,,0,0,0,0,0,false
,907,130.3508,0,130.29,130.4,130.4,130.29,1673346900000,29,,0,,0,0,0,0,0,false
,1133,130.3465,0,130.38,130.32,130.38,130.32,1673347200000,64,,0,,0,0,0,0,0,false
,4004,130.3907,0,130.37,130.41,130.41,130.37,1673347500000,46,,0,,0,0,0,0,0,false
,1271,130.3812,0,130.39,130.37,130.39,130.36,1673347800000,36,,0,,0,0,0,0,0,false
,2753,130.4444,0,130.4,130.5,130.5,130.4,1673348100000,63,,0,,0,0,0,0,0,false
,2305,130.3948,0,130.44,130.36,130.46,130.36,1673348400000,48,,0,,0,0,0,0,0,false
,2084,130.3421,0,130.36,130.32,130.36,130.32,1673348700000,67,,0,,0,0,0,0,0,false
,6555,130.2229,0,130.29,130.13,130.29,130.13,1673349000000,126,,0,,0,0,0,0,0,false
,2481,130.1275,0,130.11,130.27,130.27,130.01,1673349300000,106,,0,,0,0,0,0,0,false
,2071,130.2711,0,130.29,130.27,130.29,130.25,1673349600000,52,,0,,0,0,0,0,0,false
,1840,130.1666,0,130.17,130.16,130.18,130.16,1673349900000,44,,0,,0,0,0,0,0,false
,3334,130.1189,0,130.16,130.07,130.16,130.06,1673350200000,80,,0,,0,0,0,0,0,false
,234,130.1303,0,130.13,130.13,130.13,130.13,1673350500000,11,,0,,0,0,0,0,0,false
,5040,130.0685,0,130.11,130.1,130.12,130.02,1673350800000,140,,0,,0,0,0,0,0,false
,5169,130.1239,0,130.12,130.09,130.15,130.09,1673351100000,74,,0,,0,0,0,0,0,false
,1206,130.1216,0,130.09,130.15,130.15,130.09,1673351400000,24,,0,,0,0,0,0,0,false
,718,130.1216,0,130.12,130.12,130.12,130.12,1673351700000,21,,0,,0,0,0,0,0,false
,13597,130.0411,0,130.12,130.05,130.12,129.98,1673352000000,336,,0,,0,0,0,0,0,false
,5103,129.9449,0,130.02,129.85,130.02,129.85,1673352300000,259,,0,,0,0,0,0,0,false
,17617,129.7951,0,129.84,129.88,129.9,129.7,1673352600000,352,,0,,0,0,0,0,0,false
,17539,129.6048,0,129.89,129.5,129.89,129.45,1673352900000,443,,0,,0,0,0,0,0,false
,20110,129.3981,0,129.5,129.43,129.51,129.32,1673353200000,340,,0,,0,0,0,0,0,false
,5748,129.5188,0,129.46,129.52,129.54,129.46,1673353500000,140,,0,,0,0,0,0,0,false
,4314,129.5899,0,129.59,129.51,129.64,129.51,1673353800000,122,,0,,0,0,0,0,0,false
,10174,129.5291,0,129.53,129.52,129.64,129.4,1673354100000,262,,0,,0,0,0,0,0,false
,16616,129.5712,0,129.46,129.65,129.65,129.46,1673354400000,299,,0,,0,0,0,0,0,false
,2762,129.5729,0,129.61,129.54,129.61,129.54,1673354700000,93,,0,,0,0,0,0,0,false
,6682,129.5408,0,129.56,129.6,129.6,129.48,1673355000000,114,,0,,0,0,0,0,0,false
,6637,129.7294,0,129.65,129.75,129.78,129.65,1673355300000,163,,0,,0,0,0,0,0,false
,71932,129.633,0,130.0334,129.7,130.4385,129.3,1673355600000,1609,,0,,0,0,0,0,0,false
,14571,129.7981,0,129.68,129.8439,129.86,129.6414,1673355900000,269,,0,,0,0,0,0,0,false
,17758,129.843,0,129.87,129.77,129.92,129.75,1673356200000,321,,0,,0,0,0,0,0,false
,17304,129.7388,0,129.8,129.789,129.83,129.67,1673356500000,316,,0,,0,0,0,0,0,false
,9209,129.8197,0,129.72,129.9,129.9,129.7,1673356800000,187,,0,,0,0,0,0,0,false
,9462,129.7406,0,129.79,129.67,129.79,129.67,1673357100000,248,,0,,0,0,0,0,0,false
,17835,129.6869,0,129.69,129.66,129.75,129.63,1673357400000,388,,0,,0,0,0,0,0,false
,21336,129.7184,0,129.7595,129.74,129.77,129.65,1673357700000,420,,0,,0,0,0,0,0,false
,22842,129.7095,0,129.7,129.74,129.7793,129.64,1673358000000,350,,0,,0,0,0,0,0,false
,22130,129.6542,0,129.74,129.7,129.74,129.59,1673358300000,367,,0,,0,0,0,0,0,false
,20374,129.7207,0,129.68,129.8,129.8,129.62,1673358600000,379,,0,,0,0,0,0,0,false
,16537,129.8365,0,129.8,129.85,129.88,129.8,1673358900000,229,,0,,0,0,0,0,0,false
,75381,130.088,0,129.88,130.31,130.4,129.71,1673359200000,913,,0,,0,0,0,0,0,false
,66375,130.3379,0,130.4,130.3,130.4604,130.21,1673359500000,880,,0,,0,0,0,0,0,false
,68311,130.2969,0,130.31,130.43,130.5,130.14,1673359800000,921,,0,,0,0,0,0,0,false
,36564,130.4131,0,130.47,130.5,130.5,130.34,1673360100000,671,,0,,0,0,0,0,0,false
,43518,130.406,0,130.5,130.402,130.59,130.3094,1673360400000,686,,0,,0,0,0,0,0,false
,34308,130.3791,0,130.51,130.2791,130.54,130.21,1673360700000,492,,0,,0,0,0,0,0,false
,2.614852E+06,130.3919,0,130.26,131.175,131.2636,129.795,1673361000000,35236,,0,,0,0,0,0,0,false
,1.338138E+06,130.7607,0,131.19,130.37,131.21,130.2201,1673361300000,13600,,0,,0,0,0,0,0,false
,1.219557E+06,130.142,0,130.374,130.1,130.45,129.9,1673361600000,12897,,0,,0,0,0,0,0,false
,1.252971E+06,129.9171,0,130.095,129.88,130.41,129.51,1673361900000,13656,,0,,0,0,0,0,0,false
,1.436354E+06,129.9205,0,129.89,130.06,130.25,129.57,1673362200000,14800,,0,,0,0,0,0,0,false
,1.280919E+06,130.0607,0,130.0601,129.99,130.29,129.775,1673362500000,11881,,0,,0,0,0,0,0,false
,1.203107E+06,129.8813,0,129.99,129.88,130.14,129.61,1673362800000,11966,,0,,0,0,0,0,0,false
,956500,130.039,0,129.87,129.965,130.2,129.84,1673363100000,9338,,0,,0,0,0,0,0,false
,1.23083E+06,130.2817,0,129.97,130.34,130.671,129.88,1673363400000,12267,,0,,0,0,0,0,0,false
,1.272608E+06,130.4913,0,130.3415,130.15,130.8367,130.14,1673363700000,10213,,0,,0,0,0,0,0,false
,760962,129.9518,0,130.15,129.89,130.23,129.785,1673364000000,8284,,0,,0,0,0,0,0,false
,1.159126E+06,129.7094,0,129.9,129.41,130,129.33,1673364300000,11795,,0,,0,0,0,0,0,false
,1.340584E+06,128.9702,0,129.4001,128.8,129.4001,128.75,1673364600000,15859,,0,,0,0,0,0,0,false
,816660,128.8264,0,128.81,128.835,128.95,128.73,1673364900000,9479,,0,,0,0,0,0,0,false
,1.317094E+06,128.5882,0,128.84,128.2316,128.98,128.2316,1673365200000,13122,,0,,0,0,0,0,0,false
,1.186816E+06,128.3212,0,128.22,128.46,128.56,128.12,1673365500000,10691,,0,,0,0,0,0,0,false
,864522,128.7708,0,128.465,128.819,128.94,128.44,1673365800000,8035,,0,,0,0,0,0,0,false
,838632,129.0001,0,128.82,129.09,129.2,128.75,1673366100000,7007,,0,,0,0,0,0,0,false
,694392,129.0425,0,129.1,129.09,129.13,128.935,1673366400000,6413,,0,,0,0,0,0,0,false
,680778,128.9122,0,129.095,128.88,129.1,128.8,1673366700000,6410,,0,,0,0,0,0,0,false
,852397,128.9915,0,128.8703,129.02,129.2,128.83,1673367000000,7059,,0,,0,0,0,0,0,false
,751579,128.9139,0,129.03,128.8024,129.1,128.73,1673367300000,6755,,0,,0,0,0,0,0,false
,647877,129.0508,0,128.8,129.13,129.23,128.7939,1673367600000,5595,,0,,0,0,0,0,0,false
,725121,129.0331,0,129.13,129.03,129.197,128.8428,1673367900000,6325,,0,,0,0,0,0,0,false
,693827,129.0241,0,129.02,128.95,129.19,128.77,1673368200000,6155,,0,,0,0,0,0,0,false
,442265,128.9031,0,128.94,128.825,129.0383,128.79,1673368500000,4181,,0,,0,0,0,0,0,false
,342040,128.9077,0,128.83,128.925,128.995,128.825,1673368800000,3959,,0,,0,0,0,0,0,false
,674068,128.9081,0,128.92,128.965,129.08,128.73,1673369100000,5670,,0,,0,0,0,0,0,false
,557500,128.8122,0,128.97,128.7958,129.05,128.66,1673369400000,5373,,0,,0,0,0,0,0,false
,571068,128.9306,0,128.8,128.88,129.08,128.795,1673369700000,4600,,0,,0,0,0,0,0,false
,812362,128.5925,0,128.87,128.48,128.87,128.45,1673370000000,7263,,0,,0,0,0,0,0,false
,487642,128.6903,0,128.48,128.94,128.94,128.48,1673370300000,4584,,0,,0,0,0,0,0,false
,632412,129.0804,0,128.94,129.16,129.24,128.89,1673370600000,4972,,0,,0,0,0,0,0,false
,499702,129.0836,0,129.15,129.099,129.1799,128.97,1673370900000,4533,,0,,0,0,0,0,0,false
,468632,129.0901,0,129.1,129.2163,129.23,128.97,1673371200000,3876,,0,,0,0,0,0,0,false
,432048,129.1389,0,129.2182,129.12,129.24,129.04,1673371500000,3967,,0,,0,0,0,0,0,false
,435589,129.2308,0,129.11,129.25,129.37,129.0517,1673371800000,4146,,0,,0,0,0,0,0,false
,642348,129.4891,0,129.2683,129.765,129.79,129.24,1673372100000,5448,,0,,0,0,0,0,0,false
,572675,129.711,0,129.77,129.58,129.82,129.56,1673372400000,4606,,0,,0,0,0,0,0,false
,364303,129.5883,0,129.57,129.66,129.67,129.47,1673372700000,3461,,0,,0,0,0,0,0,false
,436917,129.7281,0,129.66,129.71,129.86,129.63,1673373000000,3954,,0,,0,0,0,0,0,false
,318204,129.7293,0,129.71,129.73,129.7908,129.665,1673373300000,3546,,0,,0,0,0,0,0,false
,551558,129.7107,0,129.73,129.68,129.85,129.61,1673373600000,5489,,0,,0,0,0,0,0,false
,716015,129.8703,0,129.6824,129.9501,130,129.62,1673373900000,5823,,0,,0,0,0,0,0,false
,748380,129.8049,0,129.9501,129.665,129.98,129.665,1673374200000,5393,,0,,0,0,0,0,0,false
,594052,129.5609,0,129.66,129.5901,129.675,129.5,1673374500000,4839,,0,,0,0,0,0,0,false
,624730,129.5756,0,129.5996,129.75,129.78,129.42,1673374800000,4363,,0,,0,0,0,0,0,false
,293404,129.7064,0,129.745,129.6599,129.76,129.6457,1673375100000,2838,,0,,0,0,0,0,0,false
,378037,129.7291,0,129.6501,129.7901,129.84,129.57,1673375400000,3259,,0,,0,0,0,0,0,false
,431362,129.8483,0,129.79,129.8987,129.95,129.76,1673375700000,4215,,0,,0,0,0,0,0,false
,538584,129.8951,0,129.91,129.81,130.01,129.775,1673376000000,4756,,0,,0,0,0,0,0,false
,672829,130.0035,0,129.805,130.215,130.215,129.795,1673376300000,5535,,0,,0,0,0,0,0,false
,591678,130.1181,0,130.21,130.09,130.24,130.0012,1673376600000,4977,,0,,0,0,0,0,0,false
,826288,130.1318,0,130.0885,130.225,130.27,129.97,1673376900000,5680,,0,,0,0,0,0,0,false
,1.10545E+06,130.4991,0,130.23,130.46,130.69,130.23,1673377200000,7718,,0,,0,0,0,0,0,false
,586998,130.3417,0,130.4554,130.38,130.46,130.23,1673377500000,4216,,0,,0,0,0,0,0,false
,454197,130.4188,0,130.375,130.44,130.4999,130.35,1673377800000,3762,,0,,0,0,0,0,0,false
,485594,130.4729,0,130.435,130.425,130.535,130.3939,1673378100000,3623,,0,,0,0,0,0,0,false
,567121,130.3825,0,130.425,130.3029,130.51,130.28,1673378400000,3922,,0,,0,0,0,0,0,false
,468817,130.2986,0,130.3,130.3612,130.41,130.18,1673378700000,3849,,0,,0,0,0,0,0,false
,495577,130.3345,0,130.37,130.3072,130.42,130.22,1673379000000,3996,,0,,0,0,0,0,0,false
,359817,130.2479,0,130.31,130.17,130.365,130.13,1673379300000,3174,,0,,0,0,0,0,0,false
,394057,130.1295,0,130.1738,130.105,130.2,130.05,1673379600000,4033,,0,,0,0,0,0,0,false
,529549,130.0608,0,130.105,130.15,130.15,129.98,1673379900000,4582,,0,,0,0,0,0,0,false
,413577,130.0767,0,130.1475,130.08,130.2,129.995,1673380200000,3679,,0,,0,0,0,0,0,false
,375580,130.0878,0,130.09,130.115,130.1765,130,1673380500000,3564,,0,,0,0,0,0,0,false
,642299,129.991,0,130.115,130.03,130.135,129.88,1673380800000,5614,,0,,0,0,0,0,0,false
,505394,129.9127,0,130.0201,129.965,130.075,129.76,1673381100000,4911,,0,,0,0,0,0,0,false
,536928,129.9154,0,129.96,130.025,130.05,129.8,1673381400000,4379,,0,,0,0,0,0,0,false
,521386,130.1171,0,130.02,130.1605,130.195,130,1673381700000,4308,,0,,0,0,0,0,0,false
,582898,130.1405,0,130.1605,130.175,130.25,130.04,1673382000000,4821,,0,,0,0,0,0,0,false
,418325,130.1734,0,130.17,130.15,130.23,130.11,1673382300000,3637,,0,,0,0,0,0,0,false
,595635,130.2278,0,130.14,130.3236,130.34,130.14,1673382600000,5287,,0,,0,0,0,0,0,false
,488398,130.2581,0,130.33,130.2239,130.37,130.15,1673382900000,4347,,0,,0,0,0,0,0,false
,588432,130.1465,0,130.22,130.1002,130.24,130.01,1673383200000,5529,,0,,0,0,0,0,0,false
,498271,130.1687,0,130.1,130.1389,130.25,130.0329,1673383500000,4678,,0,,0,0,0,0,0,false
,1.141106E+06,130.2481,0,130.14,130.285,130.38,130.14,1673383800000,10098,,0,,0,0,0,0,0,false
,2.166711E+06,130.5895,0,130.29,130.75,130.75,130.27,1673384100000,17010,,0,,0,0,0,0,0,false
,814488,130.7308,0,130.73,130.76,130.79,130.7,1673384400000,505,,0,,0,0,0,0,0,false
,42418,130.7543,0,130.76,130.74,130.8,130.69,1673384700000,332,,0,,0,0,0,0,0,false
,66778,130.7218,0,130.71,130.66,130.73,130.66,1673385000000,194,,0,,0,0,0,0,0,false
,6865,130.8757,0,130.69,130.75,130.75,130.69,1673385300000,127,,0,,0,0,0,0,0,false
,10593,130.7307,0,130.749,130.7,130.7785,130.69,1673385600000,145,,0,,0,0,0,0,0,false
,6061,130.6912,0,130.7,130.69,130.71,130.68,1673385900000,89,,0,,0,0,0,0,0,false
,2934,130.704,0,130.7,130.71,130.71,130.7,1673386200000,68,,0,,0,0,0,0,0,false
,13122,130.7301,0,130.7299,130.74,130.74,130.7299,1673386500000,67,,0,,0,0,0,0,0,false
,289355,130.73,0,130.72,130.75,130.75,130.72,1673386800000,64,,0,,0,0,0,0,0,false
,7567,130.7294,0,130.75,130.72,130.76,130.72,1673387100000,105,,0,,0,0,0,0,0,false
,5331,130.7276,0,130.73,130.72,130.7363,130.72,1673387400000,50,,0,,0,0,0,0,0,false
,9424,130.7239,0,130.72,130.7,130.74,130.7,1673387700000,96,,0,,0,0,0,0,0,false
,1026,130.707,0,130.71,130.7,130.72,130.7,1673388000000,27,,0,,0,0,0,0,0,false
,1185,130.7198,0,130.73,130.71,130.73,130.71,1673388300000,41,,0,,0,0,0,0,0,false
,1176,130.7177,0,130.71,130.71,130.73,130.71,1673388600000,47,,0,,0,0,0,0,0,false
,746,130.7145,0,130.72,130.71,130.72,130.71,1673388900000,28,,0,,0,0,0,0,0,false
,1901,130.7074,0,130.73,130.71,130.73,130.7,1673389200000,60,,0,,0,0,0,0,0,false
,2563,130.7362,0,130.71,130.75,130.75,130.71,1673389500000,53,,0,,0,0,0,0,0,false
,2029,130.7213,0,130.7112,130.73,130.75,130.71,1673389800000,22,,0,,0,0,0,0,0,false
,583,130.7398,0,130.7531,130.74,130.7531,130.73,1673390100000,18,,0,,0,0,0,0,0,false
,2061,130.7269,0,130.71,130.76,130.76,130.71,1673390400000,59,,0,,0,0,0,0,0,false
,5145,130.7523,0,130.75,130.76,130.76,130.75,1673390700000,56,,0,,0,0,0,0,0,false
,7993,130.751,0,130.75,130.75,130.76,130.74,1673391000000,46,,0,,0,0,0,0,0,false
,1449,130.728,0,130.7499,130.72,130.7499,130.72,1673391300000,27,,0,,0,0,0,0,0,false
,5884,130.6932,0,130.72,130.65,130.72,130.65,1673391600000,85,,0,,0,0,0,0,0,false
,4616,130.6055,0,130.65,130.61,130.65,130.58,1673391900000,74,,0,,0,0,0,0,0,false
,332,130.647,0,130.6699,130.63,130.6699,130.63,1673392200000,17,,0,,0,0,0,0,0,false
,556,130.6534,0,130.66,130.65,130.66,130.65,1673392500000,28,,0,,0,0,0,0,0,false
,1027,130.6528,0,130.66,130.65,130.66,130.65,1673392800000,13,,0,,0,0,0,0,0,false
,1797,130.6831,0,130.65,130.69,130.69,130.65,1673393100000,38,,0,,0,0,0,0,0,false
,5257,130.6931,0,130.7,130.69,130.7,130.68,1673393400000,82,,0,,0,0,0,0,0,false
,2277,130.6875,0,130.68,130.69,130.7,130.67,1673393700000,54,,0,,0,0,0,0,0,false
,15101,130.7008,0,130.7,130.73,130.73,130.7,1673394000000,37,,0,,0,0,0,0,0,false
,4954,130.7473,0,130.74,130.76,130.76,130.73,1673394300000,61,,0,,0,0,0,0,0,false
,1736,130.7483,0,130.76,130.76,130.76,130.73,1673394600000,54,,0,,0,0,0,0,0,false
,602,130.75,0,130.75,130.75,130.75,130.75,1673394900000,19,,0,,0,0,0,0,0,false
,7217,130.7681,0,130.75,130.83,130.83,130.75,1673395200000,65,,0,,0,0,0,0,0,false
,2177,130.8508,0,130.85,130.85,130.85,130.85,1673395500000,48,,0,,0,0,0,0,0,false
,6296,130.8527,0,130.85,130.86,130.87,130.84,1673395800000,72,,0,,0,0,0,0,0,false
,3171,130.8857,0,130.88,130.89,130.9,130.88,1673396100000,52,,0,,0,0,0,0,0,false
,3034,130.8972,0,130.9,130.9,130.9,130.88,1673396400000,31,,0,,0,0,0,0,0,false
,2288,130.8634,0,130.89,130.82,130.89,130.82,1673396700000,53,,0,,0,0,0,0,0,false
,8372,130.8522,0,130.85,130.86,130.86,130.81,1673397000000,41,,0,,0,0,0,0,0,false
,2164,130.8447,0,130.84,130.85,130.86,130.84,1673397300000,52,,0,,0,0,0,0,0,false
,1154,130.8328,0,130.83,130.85,130.85,130.82,1673397600000,24,,0,,0,0,0,0,0,false
,3293,130.8619,0,130.84,130.89,130.89,130.8399,1673397900000,73,,0,,0,0,0,0,0,false
